data/created_at,data/id,data/id_str,data/text,data/truncated,data/entities/user_mentions/0/screen_name,data/entities/user_mentions/0/name,data/entities/user_mentions/0/id,data/entities/user_mentions/0/id_str,data/entities/user_mentions/0/indices/0,data/entities/user_mentions/0/indices/1,data/metadata/iso_language_code,data/metadata/result_type,data/source,data/in_reply_to_status_id,data/in_reply_to_status_id_str,data/in_reply_to_user_id,data/in_reply_to_user_id_str,data/in_reply_to_screen_name,data/user/id,data/user/id_str,data/user/name,data/user/screen_name,data/user/location,data/user/description,data/user/url,data/user/protected,data/user/followers_count,data/user/friends_count,data/user/listed_count,data/user/created_at,data/user/favourites_count,data/user/utc_offset,data/user/time_zone,data/user/geo_enabled,data/user/verified,data/user/statuses_count,data/user/lang,data/user/contributors_enabled,data/user/is_translator,data/user/is_translation_enabled,data/user/profile_background_color,data/user/profile_background_image_url,data/user/profile_background_image_url_https,data/user/profile_background_tile,data/user/profile_image_url,data/user/profile_image_url_https,data/user/profile_banner_url,data/user/profile_link_color,data/user/profile_sidebar_border_color,data/user/profile_sidebar_fill_color,data/user/profile_text_color,data/user/profile_use_background_image,data/user/has_extended_profile,data/user/default_profile,data/user/default_profile_image,data/user/following,data/user/follow_request_sent,data/user/notifications,data/user/translator_type,data/geo,data/coordinates,data/place,data/contributors,data/retweeted_status/created_at,data/retweeted_status/id,data/retweeted_status/id_str,data/retweeted_status/text,data/retweeted_status/truncated,data/retweeted_status/entities/urls/0/url,data/retweeted_status/entities/urls/0/expanded_url,data/retweeted_status/entities/urls/0/display_url,data/retweeted_status/entities/urls/0/indices/0,data/retweeted_status/entities/urls/0/indices/1,data/retweeted_status/metadata/iso_language_code,data/retweeted_status/metadata/result_type,data/retweeted_status/source,data/retweeted_status/in_reply_to_status_id,data/retweeted_status/in_reply_to_status_id_str,data/retweeted_status/in_reply_to_user_id,data/retweeted_status/in_reply_to_user_id_str,data/retweeted_status/in_reply_to_screen_name,data/retweeted_status/user/id,data/retweeted_status/user/id_str,data/retweeted_status/user/name,data/retweeted_status/user/screen_name,data/retweeted_status/user/location,data/retweeted_status/user/description,data/retweeted_status/user/url,data/retweeted_status/user/protected,data/retweeted_status/user/followers_count,data/retweeted_status/user/friends_count,data/retweeted_status/user/listed_count,data/retweeted_status/user/created_at,data/retweeted_status/user/favourites_count,data/retweeted_status/user/utc_offset,data/retweeted_status/user/time_zone,data/retweeted_status/user/geo_enabled,data/retweeted_status/user/verified,data/retweeted_status/user/statuses_count,data/retweeted_status/user/lang,data/retweeted_status/user/contributors_enabled,data/retweeted_status/user/is_translator,data/retweeted_status/user/is_translation_enabled,data/retweeted_status/user/profile_background_color,data/retweeted_status/user/profile_background_image_url,data/retweeted_status/user/profile_background_image_url_https,data/retweeted_status/user/profile_background_tile,data/retweeted_status/user/profile_image_url,data/retweeted_status/user/profile_image_url_https,data/retweeted_status/user/profile_banner_url,data/retweeted_status/user/profile_link_color,data/retweeted_status/user/profile_sidebar_border_color,data/retweeted_status/user/profile_sidebar_fill_color,data/retweeted_status/user/profile_text_color,data/retweeted_status/user/profile_use_background_image,data/retweeted_status/user/has_extended_profile,data/retweeted_status/user/default_profile,data/retweeted_status/user/default_profile_image,data/retweeted_status/user/following,data/retweeted_status/user/follow_request_sent,data/retweeted_status/user/notifications,data/retweeted_status/user/translator_type,data/retweeted_status/geo,data/retweeted_status/coordinates,data/retweeted_status/place,data/retweeted_status/contributors,data/retweeted_status/is_quote_status,data/retweeted_status/retweet_count,data/retweeted_status/favorite_count,data/retweeted_status/favorited,data/retweeted_status/retweeted,data/retweeted_status/lang,data/is_quote_status,data/retweet_count,data/favorite_count,data/favorited,data/retweeted,data/lang,data/entities/hashtags/0/text,data/entities/hashtags/0/indices/0,data/entities/hashtags/0/indices/1,data/entities/hashtags/1/text,data/entities/hashtags/1/indices/0,data/entities/hashtags/1/indices/1,data/entities/hashtags/2/text,data/entities/hashtags/2/indices/0,data/entities/hashtags/2/indices/1,data/entities/hashtags/3/text,data/entities/hashtags/3/indices/0,data/entities/hashtags/3/indices/1,data/retweeted_status/entities/hashtags/0/text,data/retweeted_status/entities/hashtags/0/indices/0,data/retweeted_status/entities/hashtags/0/indices/1,data/retweeted_status/entities/hashtags/1/text,data/retweeted_status/entities/hashtags/1/indices/0,data/retweeted_status/entities/hashtags/1/indices/1,data/retweeted_status/entities/hashtags/2/text,data/retweeted_status/entities/hashtags/2/indices/0,data/retweeted_status/entities/hashtags/2/indices/1,data/retweeted_status/entities/hashtags/3/text,data/retweeted_status/entities/hashtags/3/indices/0,data/retweeted_status/entities/hashtags/3/indices/1,data/retweeted_status/user/entities/url/urls/0/url,data/retweeted_status/user/entities/url/urls/0/expanded_url,data/retweeted_status/user/entities/url/urls/0/display_url,data/retweeted_status/user/entities/url/urls/0/indices/0,data/retweeted_status/user/entities/url/urls/0/indices/1,data/retweeted_status/possibly_sensitive,data/retweeted_status/user/entities/description/urls/0/url,data/retweeted_status/user/entities/description/urls/0/expanded_url,data/retweeted_status/user/entities/description/urls/0/display_url,data/retweeted_status/user/entities/description/urls/0/indices/0,data/retweeted_status/user/entities/description/urls/0/indices/1,data/entities/user_mentions/1/screen_name,data/entities/user_mentions/1/name,data/entities/user_mentions/1/id,data/entities/user_mentions/1/id_str,data/entities/user_mentions/1/indices/0,data/entities/user_mentions/1/indices/1,data/retweeted_status/entities/user_mentions/0/screen_name,data/retweeted_status/entities/user_mentions/0/name,data/retweeted_status/entities/user_mentions/0/id,data/retweeted_status/entities/user_mentions/0/id_str,data/retweeted_status/entities/user_mentions/0/indices/0,data/retweeted_status/entities/user_mentions/0/indices/1,data/entities/urls/0/url,data/entities/urls/0/expanded_url,data/entities/urls/0/display_url,data/entities/urls/0/indices/0,data/entities/urls/0/indices/1,data/possibly_sensitive,data/entities/symbols/0/text,data/entities/symbols/0/indices/0,data/entities/symbols/0/indices/1,data/entities/symbols/1/text,data/entities/symbols/1/indices/0,data/entities/symbols/1/indices/1,data/user/entities/url/urls/0/url,data/user/entities/url/urls/0/expanded_url,data/user/entities/url/urls/0/display_url,data/user/entities/url/urls/0/indices/0,data/user/entities/url/urls/0/indices/1
Fri Jul 30 22:57:31 +0000 2021,1421243587149242400,1421243587149242369,"RT @MD_Taj43260469: ‡§ï‡•å‡§® ‡§ï‡§π‡§§‡§æ ‡§π‡•à ‡§ï‡•Ä.. 
    ‡§¶‡§´‡§®‡§æ‡§è ‡§π‡•Å‡§è ‡§ï‡•ã.. 
         ‡§ú‡§≤‡§æ‡§Ø‡§æ ‡§®‡§π‡•Ä ‡§ú‡§æ‡§§‡§æ.. 

‡§Ü‡§à ‡§•‡•Ä ‡§Æ‡•á‡§∞‡•Ä ‡§ï‡§¨‡•ç‡§∞ ‡§™‡•á.. 
       ‡§Æ‡•Å‡§ù‡§∏‡•á ‡§Æ‡§ø‡§≤‡§®‡•á ‡§Ö‡§™‡§®‡•á..‚Ä¶",false,MD_Taj43260469,MD üíê Taj,1386748747577659400,1386748747577659392,3,18,hi,recent,"<a href=""http://twitter.com/download/android"" rel=""nofollow"">Twitter for Android</a>",,,,,,1175663971753480200,1175663971753480192,‚òùÔº≠Ôº§_Ôº≥ÔΩÅÔΩåÔΩçÔΩÅÔΩé ‚ù§Ô∏è,BaBa_Sallu570,,ÿ≥ÿ®ŸÇ ÿ™⁄æÿß ÿß€å⁄© ÿ≤ŸÜÿØ⁄Ø€å ⁄©ÿß_____ŸÖÿ¨⁄æ€í ŸÑ⁄Øÿß ŸÖÿ≠ÿ®ÿ™ €Å€í_üíî,,false,1978,1820,0,Sun Sep 22 06:52:17 +0000 2019,29052,,,false,false,36517,,false,false,false,F5F8FA,,,false,http://pbs.twimg.com/profile_images/1419045029725704192/Z0MPZfU0_normal.jpg,https://pbs.twimg.com/profile_images/1419045029725704192/Z0MPZfU0_normal.jpg,https://pbs.twimg.com/profile_banners/1175663971753480192/1625681485,1DA1F2,C0DEED,DDEEF6,333333,true,true,true,false,false,false,false,none,,,,,Fri Jul 30 18:47:54 +0000 2021,1421180770677231600,1421180770677231619,"‡§ï‡•å‡§® ‡§ï‡§π‡§§‡§æ ‡§π‡•à ‡§ï‡•Ä.. 
    ‡§¶‡§´‡§®‡§æ‡§è ‡§π‡•Å‡§è ‡§ï‡•ã.. 
         ‡§ú‡§≤‡§æ‡§Ø‡§æ ‡§®‡§π‡•Ä ‡§ú‡§æ‡§§‡§æ.. 

‡§Ü‡§à ‡§•‡•Ä ‡§Æ‡•á‡§∞‡•Ä ‡§ï‡§¨‡•ç‡§∞ ‡§™‡•á.. 
       ‡§Æ‡•Å‡§ù‡§∏‡•á ‡§Æ‡§ø‡§≤‡§®‡•á ‡§Ö‡§™‡§®‡•á..‚Ä¶ https://t.co/uAB1pk4XY5",true,https://t.co/uAB1pk4XY5,https://twitter.com/i/web/status/1421180770677231619,twitter.com/i/web/status/1‚Ä¶,115,138,hi,recent,"<a href=""http://twitter.com/download/android"" rel=""nofollow"">Twitter for Android</a>",,,,,,1386748747577659400,1386748747577659392,MD üíê Taj,MD_Taj43260469,"Varanasi, India","‡§ú‡§º‡§ø‡§®‡•ç‡§¶‡§ó‡•Ä ‡§¨‡§¶‡§≤‡§®‡•á ‡§ï‡•á ‡§≤‡§ø‡§è ‡§≤‡§°‡§º‡§®‡§æ ‡§™‡§°‡§º‡§§‡§æ ‡§π‡•à ‡§î‡§∞ ‡§Ü‡§∏‡§æ‡§® ‡§ï‡§∞‡§®‡•á ‡§ï‡•á ‡§≤‡§ø‡§è ‡§∏‡§Æ‡§ù‡§®‡§æ ‡§™‡§°‡§º‡§§‡§æ ‡§π‡•à‚Äù 
ü•∞ü•∞üòç",,false,2380,2384,1,Mon Apr 26 18:27:40 +0000 2021,15834,,,false,false,12080,,false,false,false,F5F8FA,,,false,http://pbs.twimg.com/profile_images/1413522129128026114/cuY38avn_normal.jpg,https://pbs.twimg.com/profile_images/1413522129128026114/cuY38avn_normal.jpg,https://pbs.twimg.com/profile_banners/1386748747577659392/1624517514,1DA1F2,C0DEED,DDEEF6,333333,true,true,true,false,false,false,false,none,,,,,false,25,50,false,false,hi,false,25,0,false,false,hi,,,,,,,,,,,,,,,,,,,,,,,,,,,,,,,,,,,,,,,,,,,,,,,,,,,,,,,,,,,,,,,,
Fri Jul 30 22:57:28 +0000 2021,1421243576625766400,1421243576625766403,"RT @Chandana_Shri99: ‡§∏‡•ã‡§∂‡§≤ ‡§Æ‡•Ä‡§°‡§ø‡§Ø‡§æ ‡§ï‡•á ‡§µ‡§ú‡§π ‡§∏‡•á ‡§Ö‡§ú‡§Æ‡•á‡§∞ ‡§¶‡§∞‡§ó‡§æ‡§π ‡§Æ‡•á‡§Ç ‡§∏‡§∞ ‡§™‡§ü‡§ï‡§®‡•á ‡§µ‡§æ‡§≤‡•á ‡§π‡§ø‡§Ç‡§¶‡•Å‡§ì ‡§Æ‡•á‡§Ç 75% ‡§ï‡•Ä ‡§ï‡§Æ‡•Ä ‡§Ü‡§à ‡§π‡•àü§î

‡§ò‡•ã‡§∞ ‡§Ö‡§∏‡§π‡§ø‡§∑‡•ç‡§£‡•Å‡§§‡§æüôÑü§£ü§£",false,Chandana_Shri99,Chandana Shrivastava,1292444790642978800,1292444790642978816,3,19,hi,recent,"<a href=""http://twitter.com/download/android"" rel=""nofollow"">Twitter for Android</a>",,,,,,1166407235628462000,1166407235628462080,Rahul Upadhyay,Rahul9Upadhyay,India,"‡§Æ‡•Å‡§ù‡•á ‡§∏‡§Æ‡§ù‡§®‡§æ ‡§á‡§§‡§®‡§æ ‡§Ü‡§∏‡§æ‡§® ‡§®‡§π‡•Ä‡§Ç ‡§π‡•à‡§Ç, ‡§Æ‡•à‡§Ç ‡§∏‡§Ç‡§∏‡•ç‡§ï‡•É‡§§ ‡§ï‡§æ ‡§Ö‡§∞‡•ç‡§•‡§æ‡§§ ‡§π‡•Ç‡§Ç ‡§ó‡§£‡§ø‡§§ ‡§ï‡§æ ‡§∏‡•Ç‡§§‡•ç‡§∞ ‡§®‡§π‡•Ä‡§Ç¬†
‡§ú‡§Ø ‡§∂‡•ç‡§∞‡•Ä ‡§∞‡§æ‡§Æüôè",,false,93,2669,0,Tue Aug 27 17:49:27 +0000 2019,3973,,,true,false,2185,,false,false,false,F5F8FA,,,false,http://pbs.twimg.com/profile_images/1421473858675122179/h85fyfIw_normal.jpg,https://pbs.twimg.com/profile_images/1421473858675122179/h85fyfIw_normal.jpg,https://pbs.twimg.com/profile_banners/1166407235628462080/1611699432,1DA1F2,C0DEED,DDEEF6,333333,true,false,true,false,false,false,false,none,,,,,Fri Jul 30 15:31:38 +0000 2021,1421131379304063000,1421131379304062977,"‡§∏‡•ã‡§∂‡§≤ ‡§Æ‡•Ä‡§°‡§ø‡§Ø‡§æ ‡§ï‡•á ‡§µ‡§ú‡§π ‡§∏‡•á ‡§Ö‡§ú‡§Æ‡•á‡§∞ ‡§¶‡§∞‡§ó‡§æ‡§π ‡§Æ‡•á‡§Ç ‡§∏‡§∞ ‡§™‡§ü‡§ï‡§®‡•á ‡§µ‡§æ‡§≤‡•á ‡§π‡§ø‡§Ç‡§¶‡•Å‡§ì ‡§Æ‡•á‡§Ç 75% ‡§ï‡•Ä ‡§ï‡§Æ‡•Ä ‡§Ü‡§à ‡§π‡•àü§î

‡§ò‡•ã‡§∞ ‡§Ö‡§∏‡§π‡§ø‡§∑‡•ç‡§£‡•Å‡§§‡§æüôÑü§£ü§£",false,,,,,,hi,recent,"<a href=""http://twitter.com/download/android"" rel=""nofollow"">Twitter for Android</a>",,,,,,1292444790642978800,1292444790642978816,Chandana Shrivastava,Chandana_Shri99,"Chhattisgarh, India","‡§Ö‡§Æ‡§∞ ‡§§‡§ø‡§∞‡§Ç‡§ó‡§æ ‡§∏‡•ç‡§µ‡§æ‡§≠‡§ø‡§Æ‡§æ‡§® ‡§∏‡•á ‡§¶‡•Å‡§®‡§ø‡§Ø‡§æ ‡§≠‡§∞ ‡§Æ‡•á‡§Ç ‡§°‡•ã‡§≤‡•á‡§ó‡§æ
 ‡§ú‡§π‡§æ‡§Ç ‡§ó‡§ø‡§∞‡•á‡§ó‡§æ ‡§≤‡§π‡•Ç ‡§π‡§Æ‡§æ‡§∞‡§æ ‡§µ‡§Ç‡§¶‡•á ‡§Æ‡§æ‡§§‡§∞‡§Æ ‡§¨‡•ã‡§≤‡•á‡§ó‡§æ‡•§",,false,4678,689,1,Sun Aug 09 12:57:34 +0000 2020,54332,,,false,false,26153,,false,false,false,F5F8FA,,,false,http://pbs.twimg.com/profile_images/1397824022298054658/1a463JPx_normal.jpg,https://pbs.twimg.com/profile_images/1397824022298054658/1a463JPx_normal.jpg,https://pbs.twimg.com/profile_banners/1292444790642978816/1620304749,1DA1F2,C0DEED,DDEEF6,333333,true,true,true,false,false,false,false,none,,,,,false,89,391,false,false,hi,false,89,0,false,false,hi,,,,,,,,,,,,,,,,,,,,,,,,,,,,,,,,,,,,,,,,,,,,,,,,,,,,,,,,,,,,,,,,
Fri Jul 30 22:57:28 +0000 2021,1421243576139223000,1421243576139223043,"RT @TezChannel: #TrendingNow: TUMSE PYAAR HAI POSTER OUT

#RubinaDilaik ‡§î‡§∞ #AbhinavShukla ‡§ï‡•á ‡§®‡§è ‡§Æ‡•ç‡§Ø‡•Ç‡§ú‡§ø‡§ï ‡§µ‡•Ä‡§°‡§ø‡§Ø‡•ã #TumsePyaarHai ‡§ï‡§æ ‡§™‡•ã‡§∏‡•ç‡§ü‡§∞ ‡§∞‡§ø‚Ä¶",false,TezChannel,TezTV,1295790336468381700,1295790336468381696,3,14,hi,recent,"<a href=""http://twitter.com/download/android"" rel=""nofollow"">Twitter for Android</a>",,,,,,1333747654539374600,1333747654539374592,RUBINA DILAIK FANCLUBüíéüíé,__RubinaDilaik,India,"OFFICIAL FANCLUB OF POPULAR ACTRESS @RUBIDILAIK ‚ù£
FOLLOW MY ACCOUNT FOR THE LATEST UPDATES OF QUEEN RUBINA DILAIK‚ù§
#RubinaDilaik",,false,1231,842,1,Tue Dec 01 12:20:05 +0000 2020,11751,,,false,false,22312,,false,false,false,F5F8FA,,,false,http://pbs.twimg.com/profile_images/1389423930251767810/pB32wYvH_normal.jpg,https://pbs.twimg.com/profile_images/1389423930251767810/pB32wYvH_normal.jpg,https://pbs.twimg.com/profile_banners/1333747654539374592/1619932822,1DA1F2,C0DEED,DDEEF6,333333,true,true,true,false,false,false,false,none,,,,,Fri Jul 30 18:32:43 +0000 2021,1421176947061661700,1421176947061661697,"#TrendingNow: TUMSE PYAAR HAI POSTER OUT

#RubinaDilaik ‡§î‡§∞ #AbhinavShukla ‡§ï‡•á ‡§®‡§è ‡§Æ‡•ç‡§Ø‡•Ç‡§ú‡§ø‡§ï ‡§µ‡•Ä‡§°‡§ø‡§Ø‡•ã #TumsePyaarHai ‡§ï‡§æ ‡§™‡•ã‚Ä¶ https://t.co/6yW1GY7wkq",true,https://t.co/6yW1GY7wkq,https://twitter.com/i/web/status/1421176947061661697,twitter.com/i/web/status/1‚Ä¶,117,140,hi,recent,"<a href=""https://mobile.twitter.com"" rel=""nofollow"">Twitter Web App</a>",,,,,,1295790336468381700,1295790336468381696,TezTV,TezChannel,"Noida, India","‡§∏‡§ø‡§∞‡•ç‡§´ ‡•ô‡§¨‡§∞‡•á‡§Ç ‡§π‡•Ä ‡§®‡§π‡•Ä‡§Ç, ‡•ô‡§¨‡§∞‡•á‡§Ç ‡§™‡•á‡§∂ ‡§ï‡§∞‡§®‡•á ‡§ï‡§æ ‡§Ö‡§Ç‡§¶‡§æ‡•õ ‡§≠‡•Ä ‡§¶‡•á‡§ñ‡§ø‡§è‡§ó‡§æ üôè 
‡§∞‡§æ‡§ú‡§®‡•Ä‡§§‡§ø, ‡§ñ‡•á‡§≤, ‡§ú‡•Å‡§∞‡•ç‡§Æ, ‡§Æ‡§®‡•ã‡§∞‡§Ç‡§ú‡§®.. ‡§∏‡§¨ ‡§ï‡•Å‡§õ ‡§π‡•à ‡§Ø‡§π‡§æ‡§Ç‡•§
‡§§‡•á‡•õ - ‡§è‡§ï ‡§®‡§è ‡§§‡•á‡§µ‡§∞ ‡§ï‡•á ‡§∏‡§æ‡§•‡•§ An India Today Group Channel",https://t.co/3Bx7rabdmu,false,6403,71,15,Tue Aug 18 18:31:49 +0000 2020,8,,,false,true,30950,,false,false,false,F5F8FA,,,false,http://pbs.twimg.com/profile_images/1295795154272444417/sFxAXIH7_normal.jpg,https://pbs.twimg.com/profile_images/1295795154272444417/sFxAXIH7_normal.jpg,https://pbs.twimg.com/profile_banners/1295790336468381696/1627325555,1DA1F2,C0DEED,DDEEF6,333333,true,true,true,false,false,false,false,none,,,,,false,196,275,false,false,hi,false,196,0,false,false,hi,TrendingNow,16,28,RubinaDilaik,58,71,AbhinavShukla,75,89,TumsePyaarHai,111,125,TrendingNow,0,12,RubinaDilaik,42,55,AbhinavShukla,59,73,TumsePyaarHai,95,109,https://t.co/3Bx7rabdmu,https://aajtak.intoday.in/tez/,aajtak.intoday.in/tez/,0,23,false,,,,,,,,,,,,,,,,,,,,,,,,,,,,,,,,,,
Fri Jul 30 22:57:22 +0000 2021,1421243549861900300,1421243549861900289,"RT @INCBihar: ‡§á‡§ú‡§º‡§∞‡§æ‡§Ø‡§≤‡•Ä ‡§∏‡•â‡§´‡•ç‡§ü‡§µ‡•á‡§Ø‡§∞ ‡§™‡•á‡§ó‡§æ‡§∏‡§∏ ‡§ï‡•Ä ‡§Æ‡§¶‡§¶ ‡§∏‡•á ‡§¶‡•á‡§∂ ‡§ï‡•á ‡§™‡§§‡•ç‡§∞‡§ï‡§æ‡§∞‡•ã‡§Ç, ‡§®‡•á‡§§‡§æ‡§ì‡§Ç ‡§î‡§∞ ‡§Ö‡§®‡•ç‡§Ø ‡§π‡§∏‡•ç‡§§‡§ø‡§Ø‡•ã‡§Ç ‡§ï‡•ã ‡§®‡§ø‡§∂‡§æ‡§®‡§æ ‡§¨‡§®‡§æ‡§Ø‡§æ ‡§ó‡§Ø‡§æ ‡§•‡§æ‡•§ ‡§á‡§∏ ‡§¶‡•å‡§∞‡§æ‡§® ‡§´‡•ã‡§® ‡§π‡•à‡§ï‡§ø‡§Ç‡§ó ‡§ï‡•Ä‚Ä¶",false,INCBihar,Bihar Congress,922120340032991200,922120340032991232,3,12,hi,recent,"<a href=""http://twitter.com/download/android"" rel=""nofollow"">Twitter for Android</a>",,,,,,949928335445958700,949928335445958659,Arya kumar modiüåê,AryakumarModi2, Bhagalpur  (Bihar ),"‡§Ü‡§§‡•ç‡§Æ‡§µ‡§ø‡§∂‡•ç‡§µ‡§æ‡§∏ ‡§∏‡•á ‡§≠‡§∞‡•á ‡§∞‡§π‡•á, ‡§∂‡§æ‡§∞‡•Ä‡§∞‡§ø‡§ï ‡§ä‡§∞‡•ç‡§ú‡§æ ‡§¨‡§®‡§æ ‡§∞‡§π‡•á‡§ó‡§æüî∞
‡§ó‡§∞‡•ç‡§µ ‡§π‡•à ‡§Æ‡•à ‡§ó‡§æ‡§Å‡§ß‡•Ä‡§µ‡§æ‡§¶‡•Ä ‡§π‡•Ç‡§Çüôàüôâüôä
#ITE_CELL
#SOCIAL_MEDIA_CONSALTANTüòé",,false,3255,2882,0,Sun Jan 07 08:58:58 +0000 2018,196603,,,false,false,130017,,false,false,false,F5F8FA,,,false,http://pbs.twimg.com/profile_images/1420481775780851712/VT10rtgt_normal.jpg,https://pbs.twimg.com/profile_images/1420481775780851712/VT10rtgt_normal.jpg,https://pbs.twimg.com/profile_banners/949928335445958659/1614550832,1DA1F2,C0DEED,DDEEF6,333333,true,true,true,false,false,false,false,none,,,,,Fri Jul 30 11:55:06 +0000 2021,1421076884754862000,1421076884754862084,"‡§á‡§ú‡§º‡§∞‡§æ‡§Ø‡§≤‡•Ä ‡§∏‡•â‡§´‡•ç‡§ü‡§µ‡•á‡§Ø‡§∞ ‡§™‡•á‡§ó‡§æ‡§∏‡§∏ ‡§ï‡•Ä ‡§Æ‡§¶‡§¶ ‡§∏‡•á ‡§¶‡•á‡§∂ ‡§ï‡•á ‡§™‡§§‡•ç‡§∞‡§ï‡§æ‡§∞‡•ã‡§Ç, ‡§®‡•á‡§§‡§æ‡§ì‡§Ç ‡§î‡§∞ ‡§Ö‡§®‡•ç‡§Ø ‡§π‡§∏‡•ç‡§§‡§ø‡§Ø‡•ã‡§Ç ‡§ï‡•ã ‡§®‡§ø‡§∂‡§æ‡§®‡§æ ‡§¨‡§®‡§æ‡§Ø‡§æ ‡§ó‡§Ø‡§æ ‡§•‡§æ‡•§ ‡§á‡§∏ ‡§¶‡•å‡§∞‡§æ‡§® ‡§´‡•ã‡§®‚Ä¶ https://t.co/bXzh9rtb2e",true,https://t.co/bXzh9rtb2e,https://twitter.com/i/web/status/1421076884754862084,twitter.com/i/web/status/1‚Ä¶,116,139,hi,recent,"<a href=""http://twitter.com/download/android"" rel=""nofollow"">Twitter for Android</a>",,,,,,922120340032991200,922120340032991232,Bihar Congress,INCBihar,"Patna, India",Official Twitter handle of Bihar Pradesh Congress Committee,,false,59707,167,76,Sun Oct 22 15:19:55 +0000 2017,8964,,,false,true,11195,,false,false,false,F5F8FA,,,false,http://pbs.twimg.com/profile_images/1397087211443474433/IYHemxK5_normal.jpg,https://pbs.twimg.com/profile_images/1397087211443474433/IYHemxK5_normal.jpg,https://pbs.twimg.com/profile_banners/922120340032991232/1605762675,1DA1F2,C0DEED,DDEEF6,333333,true,false,true,false,false,false,false,none,,,,,false,100,234,false,false,hi,false,100,0,false,false,hi,,,,,,,,,,,,,,,,,,,,,,,,,,,,,,false,,,,,,,,,,,,,,,,,,,,,,,,,,,,,,,,,,
Fri Jul 30 22:57:10 +0000 2021,1421243500499292200,1421243500499292169,"RT @gauravbh: ""‡§¶‡•á‡§∂ ‡§Æ‡•á‡§Ç ‡§è‡§ï '‡§∞‡•Å‡§¶‡§æ‡§≤‡•Ä ‡§ó‡•à‡§Ç‡§ó' ‡§π‡•à ‡§ú‡•ã ‡§π‡§Æ‡•á‡§∂‡§æ ‡§∞‡•ã‡§§‡•á ‡§∞‡§π‡§§‡•á ‡§π‡•à‡§Ç‡•§ 

‡§ú‡§¨ ‡§ú‡§Æ‡•ç‡§Æ‡•Ç-‡§ï‡§∂‡•ç‡§Æ‡•Ä‡§∞ ‡§∏‡•á ‡§Ö‡§®‡•Å‡§ö‡•ç‡§õ‡•á‡§¶ 370 ‡§π‡§ü‡§æ ‡§•‡§æ ‡§§‡§¨ ‡§Ø‡•á ‡§∞‡•ã‡§è ‡§•‡•á, ‡§ú‡§¨ ‡§¶‡•á‡§∂ ‡§∏‡•á ‡§∞‡•ã‡§π‡§ø‡§Ç‚Ä¶",false,gauravbh,Gaurav Bhatia ‡§ó‡•å‡§∞‡§µ ‡§≠‡§æ‡§ü‡§ø‡§Ø‡§æ üáÆüá≥,59112159,59112159,3,12,hi,recent,"<a href=""http://twitter.com/download/iphone"" rel=""nofollow"">Twitter for iPhone</a>",,,,,,770733290496008200,770733290496008193,Dr Rakesh Saxena,DrRakeshSaxena5,"Ahmadabad City, India",Bharat mata ki jay. Vande Mataram. sarvodaya physiotherapy clinic. Co-convenor BJP Dr Cell Amraiwadi Vidhansabha.,,false,334,870,0,Tue Aug 30 21:21:50 +0000 2016,127247,,,true,false,27770,,false,false,false,F5F8FA,,,false,http://pbs.twimg.com/profile_images/858433160308285441/Jtdx6Dpq_normal.jpg,https://pbs.twimg.com/profile_images/858433160308285441/Jtdx6Dpq_normal.jpg,https://pbs.twimg.com/profile_banners/770733290496008193/1493501564,1DA1F2,C0DEED,DDEEF6,333333,true,true,true,false,false,false,false,none,,,,,Fri Jul 30 13:57:40 +0000 2021,1421107731356737500,1421107731356737540,"""‡§¶‡•á‡§∂ ‡§Æ‡•á‡§Ç ‡§è‡§ï '‡§∞‡•Å‡§¶‡§æ‡§≤‡•Ä ‡§ó‡•à‡§Ç‡§ó' ‡§π‡•à ‡§ú‡•ã ‡§π‡§Æ‡•á‡§∂‡§æ ‡§∞‡•ã‡§§‡•á ‡§∞‡§π‡§§‡•á ‡§π‡•à‡§Ç‡•§ 

‡§ú‡§¨ ‡§ú‡§Æ‡•ç‡§Æ‡•Ç-‡§ï‡§∂‡•ç‡§Æ‡•Ä‡§∞ ‡§∏‡•á ‡§Ö‡§®‡•Å‡§ö‡•ç‡§õ‡•á‡§¶ 370 ‡§π‡§ü‡§æ ‡§•‡§æ ‡§§‡§¨ ‡§Ø‡•á ‡§∞‡•ã‡§è ‡§•‡•á, ‡§ú‡§¨ ‡§¶‡•á‡§∂‚Ä¶ https://t.co/GhR9cFpiJ4",true,https://t.co/GhR9cFpiJ4,https://twitter.com/i/web/status/1421107731356737540,twitter.com/i/web/status/1‚Ä¶,116,139,hi,recent,"<a href=""https://mobile.twitter.com"" rel=""nofollow"">Twitter Web App</a>",,,,,,59112159,59112159,Gaurav Bhatia ‡§ó‡•å‡§∞‡§µ ‡§≠‡§æ‡§ü‡§ø‡§Ø‡§æ üáÆüá≥,gauravbh,"New Delhi, India",Senior Advocate - Supreme Court | National Spokesperson BJP| Former Hony. Secretary SCBA & Addi Advocate General UP| https://t.co/e2RawKiHIW,https://t.co/4NMMpYhuiD,false,419759,424,205,Wed Jul 22 12:29:43 +0000 2009,46552,,,true,true,22949,,false,false,false,022330,http://abs.twimg.com/images/themes/theme15/bg.png,https://abs.twimg.com/images/themes/theme15/bg.png,false,http://pbs.twimg.com/profile_images/1389061472186081280/2Mw84ZMB_normal.jpg,https://pbs.twimg.com/profile_images/1389061472186081280/2Mw84ZMB_normal.jpg,https://pbs.twimg.com/profile_banners/59112159/1582631984,B38600,FFFFFF,C0DFEC,333333,true,true,false,false,false,false,false,none,,,,,false,189,1323,false,false,hi,false,189,0,false,false,hi,,,,,,,,,,,,,,,,,,,,,,,,,https://t.co/4NMMpYhuiD,http://www.bjp.org,bjp.org,0,23,false,https://t.co/e2RawKiHIW,http://www.facebook.com/GauravBhatiaSrAdv/,facebook.com/GauravBhatiaSr‚Ä¶,117,140,,,,,,,,,,,,,,,,,,,,,,,,,,,,,
Fri Jul 30 22:55:08 +0000 2021,1421242987569242000,1421242987569242113,"RT @maryada_maurya: ‡§≠‡§æ‡§ú‡§™‡§æ ‡§ú‡§¨ ‡§∏‡•á ‡§∏‡§§‡•ç‡§§‡§æ ‡§Æ‡•á‡§Ç ‡§Ü‡§à ‡§π‡•à, ""‡§π‡§ø‡§®‡•ç‡§¶‡•Ç ‡§ß‡§∞‡•ç‡§Æ ‡§ñ‡§§‡§∞‡•á ‡§Æ‡•á‡§Ç ‡§π‡•à""!
‡§≠‡§æ‡§ú‡§™‡§æ ‡§ï‡•ã ‡§∏‡§§‡•ç‡§§‡§æ ‡§∏‡•á ‡§π‡§ü‡§æ ‡§¶‡•Ä‡§ú‡§ø‡§è, ‡§π‡§ø‡§®‡•ç‡§¶‡•Ç ‡§ß‡§∞‡•ç‡§Æ ‡§∏‡•Å‡§∞‡§ï‡•ç‡§∑‡§ø‡§§ ‡§π‡•ã ‡§ú‡§æ‡§è‡§ó‡§æ ‡•§",false,maryada_maurya,Maryada Maurya,953383873945133000,953383873945133056,3,18,hi,recent,"<a href=""http://twitter.com/download/android"" rel=""nofollow"">Twitter for Android</a>",,,,,,1035510496898605000,1035510496898605057,Sushant Kumar Behera@24021968,Sushant24021968,"Cuttack, India",‡§π‡§Æ‡•á ‡§ö‡§æ‡§π‡§ø‡§èüëâ‡§∞‡•ã‡§ü‡•Äüëâ‡§ï‡§™‡§°‡§º‡§æüëâ‡§Æ‡§ï‡§æ‡§®üëâ‡§Æ‡§æ‡§® - ‡§∏‡§Æ‡•ç‡§Æ‡§æ‡§® ‡§ï‡•á ‡§∏‡§æ‡§• ‡§ú‡•Ä‡§®‡•á ‡§ï‡§æ ‡§Ö‡§ß‡§ø‡§ï‡§æ‡§∞ üôäüôàüôâ,,false,533,3113,0,Fri Aug 31 12:51:56 +0000 2018,12831,,,true,false,7678,,false,false,false,F5F8FA,,,false,http://pbs.twimg.com/profile_images/1035534799862001669/Ck8fiFq3_normal.jpg,https://pbs.twimg.com/profile_images/1035534799862001669/Ck8fiFq3_normal.jpg,https://pbs.twimg.com/profile_banners/1035510496898605057/1535725708,1DA1F2,C0DEED,DDEEF6,333333,true,true,true,false,false,false,false,none,,,,,Fri Jul 30 16:35:52 +0000 2021,1421147541513457700,1421147541513457668,"‡§≠‡§æ‡§ú‡§™‡§æ ‡§ú‡§¨ ‡§∏‡•á ‡§∏‡§§‡•ç‡§§‡§æ ‡§Æ‡•á‡§Ç ‡§Ü‡§à ‡§π‡•à, ""‡§π‡§ø‡§®‡•ç‡§¶‡•Ç ‡§ß‡§∞‡•ç‡§Æ ‡§ñ‡§§‡§∞‡•á ‡§Æ‡•á‡§Ç ‡§π‡•à""!
‡§≠‡§æ‡§ú‡§™‡§æ ‡§ï‡•ã ‡§∏‡§§‡•ç‡§§‡§æ ‡§∏‡•á ‡§π‡§ü‡§æ ‡§¶‡•Ä‡§ú‡§ø‡§è, ‡§π‡§ø‡§®‡•ç‡§¶‡•Ç ‡§ß‡§∞‡•ç‡§Æ ‡§∏‡•Å‡§∞‡§ï‡•ç‡§∑‡§ø‡§§ ‡§π‡•ã ‡§ú‡§æ‡§è‡§ó‡§æ ‡•§",false,,,,,,hi,recent,"<a href=""http://twitter.com/download/android"" rel=""nofollow"">Twitter for Android</a>",,,,,,953383873945133000,953383873945133056,Maryada Maurya,maryada_maurya,"Varanasi, India",@Social Worker | @Humanity Matters | Respect All @Religions | Curious| @Political Analytics | Tweets Are My @Personal | Likes & RT's Not @Endorsement,,false,90773,6098,24,Tue Jan 16 21:50:03 +0000 2018,18374,,,true,false,12842,,false,false,false,F5F8FA,,,false,http://pbs.twimg.com/profile_images/1420757507794817048/-I43O4rb_normal.jpg,https://pbs.twimg.com/profile_images/1420757507794817048/-I43O4rb_normal.jpg,https://pbs.twimg.com/profile_banners/953383873945133056/1627734235,1DA1F2,C0DEED,DDEEF6,333333,true,false,true,false,false,false,false,none,,,,,false,630,3913,false,false,hi,false,630,0,false,false,hi,,,,,,,,,,,,,,,,,,,,,,,,,,,,,,,,,,,,,,,,,,,,,,,,,,,,,,,,,,,,,,,,
Fri Jul 30 22:55:06 +0000 2021,1421242981667917800,1421242981667917824,RT @PragyaLive: ‡§î‡§∞‡§§ ‡§ï‡•á ‡§ï‡§™‡§°‡§º‡•á ‡§ï‡•ç‡§Ø‡§æ ‡§®‡•ã‡§ö‡§§‡•á ‡§π‡•ã..‡§≤‡§°‡§º‡§ï‡§∞ ‡§ú‡•Ä‡§§‡•ã ‡§¶‡§Æ ‡§π‡•à ‡§§‡•ã..‡§Ø‡•á ‡§®‡§æ‡§Æ‡§æ‡§Ç‡§ï‡§® ‡§ï‡§∞‡§®‡•á ‡§Ü‡§à ‡§≤‡§ñ‡•Ä‡§Æ‡§™‡•Å‡§∞ ‡§ï‡•Ä ‡§¨‡•ç‡§≤‡•â‡§ï ‡§™‡•ç‡§∞‡§Æ‡•Å‡§ñ ‡§™‡•ç‡§∞‡§§‡•ç‡§Ø‡§æ‡§∂‡•Ä ‡§ã‡§§‡•Å ‡§ï‡•Ä ‡§Ö‡§∞‡•ç‡§ß‡§®‡§ó‡•ç‡§®‡§® ‡§§‚Ä¶,false,PragyaLive,Pragya Mishra,855721072443797500,855721072443797506,3,14,hi,recent,"<a href=""http://twitter.com/download/android"" rel=""nofollow"">Twitter for Android</a>",,,,,,3071303520,3071303520,Ashok.Jangid Ashok.j,jangid1244667,"Jaipur, India",‡§Ö‡§Ç‡§ß ‡§≠‡§ï‡•ç‡§§ ‡§¶‡•Ç‡§∞ ‡§∞‡§π‡•á,,false,2888,4323,2,Tue Mar 10 11:50:34 +0000 2015,147759,,,true,false,187650,,false,false,false,C0DEED,http://abs.twimg.com/images/themes/theme1/bg.png,https://abs.twimg.com/images/themes/theme1/bg.png,false,http://pbs.twimg.com/profile_images/1403615575914401792/gZhPj5MI_normal.jpg,https://pbs.twimg.com/profile_images/1403615575914401792/gZhPj5MI_normal.jpg,https://pbs.twimg.com/profile_banners/3071303520/1553802298,1DA1F2,C0DEED,DDEEF6,333333,true,true,true,false,false,false,false,none,,,,,Fri Jul 09 12:02:56 +0000 2021,1413468711537627100,1413468711537627136,‡§î‡§∞‡§§ ‡§ï‡•á ‡§ï‡§™‡§°‡§º‡•á ‡§ï‡•ç‡§Ø‡§æ ‡§®‡•ã‡§ö‡§§‡•á ‡§π‡•ã..‡§≤‡§°‡§º‡§ï‡§∞ ‡§ú‡•Ä‡§§‡•ã ‡§¶‡§Æ ‡§π‡•à ‡§§‡•ã..‡§Ø‡•á ‡§®‡§æ‡§Æ‡§æ‡§Ç‡§ï‡§® ‡§ï‡§∞‡§®‡•á ‡§Ü‡§à ‡§≤‡§ñ‡•Ä‡§Æ‡§™‡•Å‡§∞ ‡§ï‡•Ä ‡§¨‡•ç‡§≤‡•â‡§ï ‡§™‡•ç‡§∞‡§Æ‡•Å‡§ñ ‡§™‡•ç‡§∞‡§§‡•ç‡§Ø‡§æ‡§∂‡•Ä ‡§ã‡§§‡•Å ‡§ï‡•Ä ‡§Ö‡§∞‡•ç‡§ß‡§®‚Ä¶ https://t.co/e8dJYKEbAT,true,https://t.co/e8dJYKEbAT,https://twitter.com/i/web/status/1413468711537627136,twitter.com/i/web/status/1‚Ä¶,116,139,hi,recent,"<a href=""https://mobile.twitter.com"" rel=""nofollow"">Twitter Web App</a>",,,,,,855721072443797500,855721072443797506,Pragya Mishra,PragyaLive,"Lucknow, India",Tv Reporter/Anchor @bstvlive #CuttingChai | Founder- @ultachasmauc | Website- https://t.co/1DsVVMtjV4 | Ex: @_NationalVoice | @AkashvaniAIR | @DDUttarPradesh,https://t.co/Xbt109EOaB,false,379878,167,129,Sat Apr 22 09:52:57 +0000 2017,8320,,,false,true,3617,,false,false,false,000000,http://abs.twimg.com/images/themes/theme1/bg.png,https://abs.twimg.com/images/themes/theme1/bg.png,false,http://pbs.twimg.com/profile_images/1380172619140325380/0OVy8obk_normal.jpg,https://pbs.twimg.com/profile_images/1380172619140325380/0OVy8obk_normal.jpg,https://pbs.twimg.com/profile_banners/855721072443797506/1588865454,91D2FA,000000,000000,000000,false,true,false,false,false,false,false,none,,,,,false,12623,38853,false,false,hi,false,12623,0,false,false,hi,,,,,,,,,,,,,,,,,,,,,,,,,https://t.co/Xbt109EOaB,https://www.youtube.com/channel/UCpBajyVrl-EAUJojPFWIG2g/,youtube.com/channel/UCpBaj‚Ä¶,0,23,false,https://t.co/1DsVVMtjV4,http://ultachasmauc.com/,ultachasmauc.com,78,101,,,,,,,,,,,,,,,,,,,,,,,,,,,,,
Fri Jul 30 22:53:32 +0000 2021,1421242584073052200,1421242584073052160,"RT @vipinshuklabst: @JournoPrashant ‡§∏‡§∞ ‡§®‡§Æ‡§∏‡•ç‡§ï‡§æ‡§∞ üôè
Up ‡§ï‡•á Govt.ITI ‡§Æ‡•á‡§Ç 70% ‡§™‡§¶ ‡§∞‡§ø‡§ï‡•ç‡§§ ‡§π‡•ã‡§®‡•á ‡§ï‡•á ‡§¨‡§æ‡§¶ ‡§≠‡•Ä ‡§™‡§ø‡§õ‡§≤‡•á 4 ‡§∏‡§æ‡§≤ ‡§∏‡•á ‡§≠‡§∞‡•ç‡§§‡•Ä ‡§®‡§π‡•Ä‡§Ç ‡§Ü‡§à ‡§π‡•à‡•§ ‡§π‡§Æ ‡§≤‡•ã‡§ó  ‡§≤‚Ä¶",false,vipinshuklabst,Vipin ShuklaüáÆüá≥,4022422814,4022422814,3,18,hi,recent,"<a href=""http://twitter.com/download/android"" rel=""nofollow"">Twitter for Android</a>",,,,,,1411286184781783000,1411286184781783043,Anuruddha Pratap Singh,Anurudd177,,,,false,43,34,0,Sat Jul 03 11:30:29 +0000 2021,567,,,false,false,1441,,false,false,false,F5F8FA,,,false,http://abs.twimg.com/sticky/default_profile_images/default_profile_normal.png,https://abs.twimg.com/sticky/default_profile_images/default_profile_normal.png,,1DA1F2,C0DEED,DDEEF6,333333,true,true,true,true,false,false,false,none,,,,,Wed Jul 28 16:09:39 +0000 2021,1420416170226684000,1420416170226683904,"@JournoPrashant ‡§∏‡§∞ ‡§®‡§Æ‡§∏‡•ç‡§ï‡§æ‡§∞ üôè
Up ‡§ï‡•á Govt.ITI ‡§Æ‡•á‡§Ç 70% ‡§™‡§¶ ‡§∞‡§ø‡§ï‡•ç‡§§ ‡§π‡•ã‡§®‡•á ‡§ï‡•á ‡§¨‡§æ‡§¶ ‡§≠‡•Ä ‡§™‡§ø‡§õ‡§≤‡•á 4 ‡§∏‡§æ‡§≤ ‡§∏‡•á ‡§≠‡§∞‡•ç‡§§‡•Ä ‡§®‡§π‡•Ä‡§Ç ‡§Ü‡§à ‡§π‡•à‡•§ ‡§π‡§Æ ‡§≤‡•ã‡§ó‚Ä¶ https://t.co/nHFfNHssr7",true,https://t.co/nHFfNHssr7,https://twitter.com/i/web/status/1420416170226683904,twitter.com/i/web/status/1‚Ä¶,117,140,hi,recent,"<a href=""http://twitter.com/download/android"" rel=""nofollow"">Twitter for Android</a>",1420414315660603400,1420414315660603397,2907789756,2907789756,JournoPrashant,4022422814,4022422814,Vipin ShuklaüáÆüá≥,vipinshuklabst,"Lucknow, India","Proud Indian, Youth rights activist, Law student, Thinker, Believe in movement. Tweet personal.",,false,207,235,0,Mon Oct 26 08:21:34 +0000 2015,2375,,,true,false,1429,,false,false,false,C0DEED,http://abs.twimg.com/images/themes/theme1/bg.png,https://abs.twimg.com/images/themes/theme1/bg.png,false,http://pbs.twimg.com/profile_images/1417719225112621058/UPenl790_normal.jpg,https://pbs.twimg.com/profile_images/1417719225112621058/UPenl790_normal.jpg,https://pbs.twimg.com/profile_banners/4022422814/1597341265,1DA1F2,C0DEED,DDEEF6,333333,true,false,true,false,false,false,false,none,,,,,false,10,6,false,false,hi,false,10,0,false,false,hi,,,,,,,,,,,,,,,,,,,,,,,,,,,,,,false,,,,,,JournoPrashant,Prashant Shukla (‡§™‡•ç‡§∞‡§∂‡§æ‡§®‡•ç‡§§ ‡§∂‡•Å‡§ï‡•ç‡§≤),2907789756,2907789756,20,35,JournoPrashant,Prashant Shukla (‡§™‡•ç‡§∞‡§∂‡§æ‡§®‡•ç‡§§ ‡§∂‡•Å‡§ï‡•ç‡§≤),2907789756,2907789756,0,15,,,,,,,,,,,,,,,,,
Fri Jul 30 22:52:24 +0000 2021,1421242299015565300,1421242299015565318,"RT @Ms__Disha: ‡§∏‡§≠‡•Ä ‡§∞‡•Ä‡§ü‡•ç‡§µ‡•Ä‡§ü ‡§ï‡§∞‡§ï‡•á ‡§Ö‡§™‡§®‡•Ä ‡§Ö‡§™‡§®‡•Ä ‡§Ü‡§à ‡§°‡•Ä ‡§™‡•ç‡§∞‡§Æ‡•ã‡§ü ‡§ï‡§∞‡§§‡•Ä ‡§π‡•Ç‡§Ç ‡§∏‡§æ‡§• ‡§Æ‡•á‡§Ç ‡§á‡§®‡§ï‡•ã ‡§´‡•â‡§≤‡•ã ‡§Ö‡§µ‡§∂‡•ç‡§Ø ‡§ï‡§∞‡§®‡§æ ‡§π‡•à ‡•§‡•§

Follow üëâ @iM__Sunita

‡§∏‡§≠‡•Ä ‡§ï‡•ã ‡§™‡•ç‡§∞‡§Æ‡•ã‡§ü ‡§ï‚Ä¶",false,Ms__Disha,Disha Mukherji,1387868850763489300,1387868850763489283,3,13,hi,recent,"<a href=""http://twitter.com/download/android"" rel=""nofollow"">Twitter for Android</a>",,,,,,3250863554,3250863554,Santosh k. Gautam,sonug5594,India,"+ Engineer +
Varanasi U.P. India",,false,169,145,0,Sat Jun 20 17:14:58 +0000 2015,9955,,,false,false,5070,,false,false,false,C0DEED,http://abs.twimg.com/images/themes/theme1/bg.png,https://abs.twimg.com/images/themes/theme1/bg.png,false,http://pbs.twimg.com/profile_images/1405229979634323459/AqaQntFo_normal.jpg,https://pbs.twimg.com/profile_images/1405229979634323459/AqaQntFo_normal.jpg,https://pbs.twimg.com/profile_banners/3250863554/1623868987,1DA1F2,C0DEED,DDEEF6,333333,true,false,true,false,false,false,false,none,,,,,Fri Jul 30 16:24:32 +0000 2021,1421144689953104000,1421144689953103873,"‡§∏‡§≠‡•Ä ‡§∞‡•Ä‡§ü‡•ç‡§µ‡•Ä‡§ü ‡§ï‡§∞‡§ï‡•á ‡§Ö‡§™‡§®‡•Ä ‡§Ö‡§™‡§®‡•Ä ‡§Ü‡§à ‡§°‡•Ä ‡§™‡•ç‡§∞‡§Æ‡•ã‡§ü ‡§ï‡§∞‡§§‡•Ä ‡§π‡•Ç‡§Ç ‡§∏‡§æ‡§• ‡§Æ‡•á‡§Ç ‡§á‡§®‡§ï‡•ã ‡§´‡•â‡§≤‡•ã ‡§Ö‡§µ‡§∂‡•ç‡§Ø ‡§ï‡§∞‡§®‡§æ ‡§π‡•à ‡•§‡•§

Follow üëâ @iM__Sunita

‡§∏‡§≠‡•Ä ‡§ï‡•ã‚Ä¶ https://t.co/mF8ybelBUA",true,https://t.co/mF8ybelBUA,https://twitter.com/i/web/status/1421144689953103873,twitter.com/i/web/status/1‚Ä¶,115,138,hi,recent,"<a href=""http://twitter.com/download/android"" rel=""nofollow"">Twitter for Android</a>",,,,,,1387868850763489300,1387868850763489283,Disha Mukherji,Ms__Disha,"New Delhi, India","The official twitter account @Ms__Disha 
DM=üö∑ Block,follow @Ms__Disha follow Back üíØ%",https://t.co/Icru8eihdm,false,21877,20805,6,Thu Apr 29 20:38:43 +0000 2021,6118,,,false,false,15091,,false,false,false,F5F8FA,,,false,http://pbs.twimg.com/profile_images/1421093036164108288/-w44YOgq_normal.jpg,https://pbs.twimg.com/profile_images/1421093036164108288/-w44YOgq_normal.jpg,https://pbs.twimg.com/profile_banners/1387868850763489283/1624340442,1DA1F2,C0DEED,DDEEF6,333333,true,true,true,false,false,false,false,none,,,,,false,56,55,false,false,hi,false,56,0,false,false,hi,,,,,,,,,,,,,,,,,,,,,,,,,https://t.co/Icru8eihdm,http://Instagram.com/@ms__Disha,Instagram.com/@ms__Disha,0,23,,,,,,,iM__Sunita,Sunita Kumari,1393562829811298300,1393562829811298306,109,120,iM__Sunita,Sunita Kumari,1393562829811298300,1393562829811298306,94,105,,,,,,,,,,,,,,,,,
Fri Jul 30 22:51:27 +0000 2021,1421242059890045000,1421242059890044930,"‡§Ö‡§Ç‡§¨‡•á‡§°‡§ï‡§∞ ‡§ï‡•Ä ‡§∏‡§ö‡•ç‡§ö‡§æ‡§à ‡§∏‡§æ‡§Æ‡§®‡•á ‡§Ü‡§à, ‡§ó‡•Ç‡§ó‡§≤ ‡§®‡•á ‡§¨‡§æ‡§¨‡§æ‡§∏‡§æ‡§π‡•á‡§¨ ‡§ï‡•ã ‡§¨‡§§‡§æ‡§Ø‡§æ ‡§Ü‡§ú‡§æ‡§¶ ‡§≠‡§æ‡§∞‡§§ ‡§ï‡§æ ‡§™‡•ç‡§∞‡§•‡§Æ ‡§¨‡§≤‡§æ‡§§‡•ç‡§ï‡§æ‡§∞‡•Ä

#NEET_‡§Æ‡•á‡§Ç_‡§Ü‡§∞‡§ï‡•ç‡§∑‡§£_‡§µ‡§æ‡§™‡§∏_‡§≤‡•ã‚Ä¶ https://t.co/giNmc2bh3C",true,,,,,,,hi,recent,"<a href=""http://twitter.com/download/android"" rel=""nofollow"">Twitter for Android</a>",,,,,,1404152691580833800,1404152691580833793,Sumit,Sumit3032019,"Malda,WB",,,false,36,227,0,Sun Jun 13 19:04:55 +0000 2021,2690,,,false,false,777,,false,false,false,F5F8FA,,,false,http://pbs.twimg.com/profile_images/1420983555249917956/0AwBKzDh_normal.jpg,https://pbs.twimg.com/profile_images/1420983555249917956/0AwBKzDh_normal.jpg,https://pbs.twimg.com/profile_banners/1404152691580833793/1627656493,1DA1F2,C0DEED,DDEEF6,333333,true,true,true,false,false,false,false,none,,,,,,,,,,,,,,,,,,,,,,,,,,,,,,,,,,,,,,,,,,,,,,,,,,,,,,,,,,,,,,,,,,,,,,,,,,false,3,0,false,false,hi,NEET_‡§Æ‡•á‡§Ç_‡§Ü‡§∞‡§ï‡•ç‡§∑‡§£_‡§µ‡§æ‡§™‡§∏_‡§≤‡•ã,85,109,,,,,,,,,,,,,,,,,,,,,,,,,,,,,,,,,,,,,,,,,,,,,https://t.co/giNmc2bh3C,https://twitter.com/i/web/status/1421242059890044930,twitter.com/i/web/status/1‚Ä¶,111,134,false,,,,,,,,,,,
Fri Jul 30 22:51:15 +0000 2021,1421242012674654200,1421242012674654209,@Nuls @FinanceKesef ‡§ú‡§¨ ‡§§‡§ï ‡§π‡§Æ ‡§Ø‡•á ‡§ú‡§æ‡§® ‡§™‡§æ‡§§‡•á ‡§ï‡•á ‡§ú‡§ø‡§Ç‡§¶‡§ó‡•Ä ‡§ï‡•ç‡§Ø‡§æ ‡§π‡•à ¬†‡§∏‡§æ‡§≤‡•Ä ‡§ú‡§ø‡§Ç‡§¶‡§ó‡•Ä ‡§ñ‡§§‡•ç‡§Æ ‡§π‡•ã‡§®‡•á ‡§ï‡•ã ‡§Ü‡§à.,false,Nuls,NULS,912987663052836900,912987663052836864,0,5,hi,recent,"<a href=""https://mobile.twitter.com"" rel=""nofollow"">Twitter Web App</a>",1421138520370987000,1421138520370987008,912987663052836900,912987663052836864,Nuls,1382161499234267100,1382161499234267140,Steele Vera,SteeleVera1,,,,false,6,19,0,Wed Apr 14 02:39:19 +0000 2021,73,,,false,false,40,,false,false,false,F5F8FA,,,false,http://pbs.twimg.com/profile_images/1385100949509709827/G7_FNFa7_normal.jpg,https://pbs.twimg.com/profile_images/1385100949509709827/G7_FNFa7_normal.jpg,,1DA1F2,C0DEED,DDEEF6,333333,true,true,true,false,false,false,false,none,,,,,,,,,,,,,,,,,,,,,,,,,,,,,,,,,,,,,,,,,,,,,,,,,,,,,,,,,,,,,,,,,,,,,,,,,,false,0,0,false,false,hi,,,,,,,,,,,,,,,,,,,,,,,,,,,,,,,,,,,,FinanceKesef,Kesef Finance,1364106190179868700,1364106190179868674,6,19,,,,,,,,,,,,,,,,,,,,,,,
Fri Jul 30 22:50:04 +0000 2021,1421241712496857000,1421241712496857088,"* $ICX capitalizacion ‡§ï‡•à‡§™‡§ø‡§ü‡§≤‡§æ‡§á‡§ú‡§º‡•á‡§∂‡§® ÏûêÎ≥∏Ï¥ùÏï° *

El cambio semanal de capitalizacion de $ICX es $139,291,818

‡§™‡§ø‡§õ‡§≤‡•á ‡§∏‡§æ‡§§‚Ä¶ https://t.co/Kt52yQRKBy",true,,,,,,,ko,recent,"<a href=""https://help.twitter.com/en/using-twitter/how-to-tweet#source-labels"" rel=""nofollow"">ICONi18n</a>",,,,,,1338759033411391500,1338759033411391488,ICXsharkWORLD,ICXsharkWORLD,,"$ICX hourly stats and info bot in Korean, Hindi and Spanish. 
Brought to you by @BlueDogCrypto @espanicon @iconguidestar @icon_london @SpartanNode

#icon #icx",,false,34,8,2,Tue Dec 15 08:13:27 +0000 2020,3,,,false,false,103,,false,false,false,F5F8FA,,,false,http://pbs.twimg.com/profile_images/1406882232149549062/P22ZuDD3_normal.jpg,https://pbs.twimg.com/profile_images/1406882232149549062/P22ZuDD3_normal.jpg,https://pbs.twimg.com/profile_banners/1338759033411391488/1624261838,1DA1F2,C0DEED,DDEEF6,333333,true,true,true,false,false,false,false,none,,,,,,,,,,,,,,,,,,,,,,,,,,,,,,,,,,,,,,,,,,,,,,,,,,,,,,,,,,,,,,,,,,,,,,,,,,false,0,0,false,false,ko,,,,,,,,,,,,,,,,,,,,,,,,,,,,,,,,,,,,,,,,,,,,,,,,https://t.co/Kt52yQRKBy,https://twitter.com/i/web/status/1421241712496857088,twitter.com/i/web/status/1‚Ä¶,116,139,,ICX,2,6,ICX,83,87,,,,,
Fri Jul 30 22:50:03 +0000 2021,1421241707908108300,1421241707908108297,"‡§π‡§Æ‡•á‡§Ç ‡§§‡•ã ‡§Ö‡§¨ ‡§∏‡§Æ‡§ù ‡§Æ‡•á‡§Ç ‡§Ü‡§à 
‡§ï‡•Ä #‡§≠‡§ï‡•ç‡§§‡•ã‡§Ç ‡§ï‡•ã #‡§Ö‡§Ç‡§ß‡§≠‡§ï‡•ç‡§§ ‡§ï‡•ç‡§Ø‡•ã‡§Ç ‡§ï‡§π‡§æ ‡§ú‡§æ‡§§‡§æ ‡§π‡•à
‡§ï‡•Å‡§õ ‡§∏‡§æ‡§≤ ‡§™‡§π‡§≤‡•á ‡§ó‡§¶‡•ç‡§¶‡§æ‡§∞‡•ã‡§Ç ‡§ï‡•á ‡§ï‡§æ‡§∞‡§£ ‡§¶‡•á‡§∂ ‡§ó‡•Å‡§≤‡§æ‡§Æ ‡§π‡•ã ‡§ó‡§Ø‡§æ ‡§•‡§æ‚Ä¶ https://t.co/ppTwfbuqTE",true,,,,,,,hi,recent,"<a href=""http://twitter.com/download/android"" rel=""nofollow"">Twitter for Android</a>",,,,,,947540007572475900,947540007572475904,üö©‡§Æ‡§ó‡§ß ‡§∏‡§Æ‡•ç‡§∞‡§æ‡§üüö©,Sudhir9015,"Aurangabad  Bihar, India","üö©üö©‡§®‡§Æ‡§∏‡•ç‡§§‡•á ‡§∏‡§¶‡§æ ‡§µ‡§§‡•ç‡§∏‡§≤‡•á ‡§Æ‡§æ‡§§‡•É‡§≠‡•Ç‡§Æ‡•á
‡§§‡•ç‡§µ‡§Ø‡§æ ‡§π‡§ø‡§®‡•ç‡§¶‡•Å‡§≠‡•Ç‡§Æ‡•á ‡§∏‡•Å‡§ñ‡§Ç ‡§µ‡§∞‡•ç‡§ß‡§ø‡§§‡•ã‡§Ω‡§π‡§Æ‡•ç! üö©üö©
chairman-- maa umgeshwaree infratech private limited",https://t.co/ujus7LzEgZ,false,968,2494,0,Sun Dec 31 18:48:37 +0000 2017,76952,,,true,false,17637,,false,false,false,F5F8FA,,,false,http://pbs.twimg.com/profile_images/1136877182532243456/6M5mWx0r_normal.jpg,https://pbs.twimg.com/profile_images/1136877182532243456/6M5mWx0r_normal.jpg,https://pbs.twimg.com/profile_banners/947540007572475904/1518494679,1DA1F2,C0DEED,DDEEF6,333333,true,true,true,false,false,false,false,none,,,,,,,,,,,,,,,,,,,,,,,,,,,,,,,,,,,,,,,,,,,,,,,,,,,,,,,,,,,,,,,,,,,,,,,,,,false,0,1,false,false,hi,‡§≠‡§ï‡•ç‡§§‡•ã‡§Ç,26,33,‡§Ö‡§Ç‡§ß‡§≠‡§ï‡•ç‡§§,37,45,,,,,,,,,,,,,,,,,,,,,,,,,,,,,,,,,,,,,,,,,,https://t.co/ppTwfbuqTE,https://twitter.com/i/web/status/1421241707908108297,twitter.com/i/web/status/1‚Ä¶,115,138,,,,,,,,https://t.co/ujus7LzEgZ,https://www.facebook.com/profile.php?id=100009312314737,facebook.com/profile.php?id‚Ä¶,0,23
Fri Jul 30 22:49:53 +0000 2021,1421241668842360800,1421241668842360836,"RT @Chunni_lal_sahu: ‡§≠‡§æ‡§ú‡§™‡§æ ‡§ú‡§¨ ‡§∏‡•á ‡§∏‡§§‡•ç‡§§‡§æ ‡§Æ‡•á‡§Ç ‡§Ü‡§à ‡§π‡•à, ""‡§π‡§ø‡§®‡•ç‡§¶‡•Ç ‡§ß‡§∞‡•ç‡§Æ ‡§ñ‡§§‡§∞‡•á ‡§Æ‡•á‡§Ç ‡§π‡•à""
‡§≠‡§æ‡§ú‡§™‡§æ ‡§ï‡•ã ‡§∏‡§§‡•ç‡§§‡§æ ‡§∏‡•á ‡§π‡§ü‡§æ ‡§¶‡•Ä‡§ú‡§ø‡§è, ‡§π‡§ø‡§®‡•ç‡§¶‡•Ç ‡§ß‡§∞‡•ç‡§Æ ‡§∏‡•Å‡§∞‡§ï‡•ç‡§∑‡§ø‡§§ ‡§π‡•ã ‡§ú‡§æ‡§è‡§ó‡§æ !",false,Chunni_lal_sahu,Chunni Lal Sahu,1049917051131895800,1049917051131895808,3,19,hi,recent,"<a href=""http://twitter.com/download/android"" rel=""nofollow"">Twitter for Android</a>",,,,,,1338756293297721300,1338756293297721347,Soni Singh,soniwaraich5,"Gwalior, India",live in gwalior belong to Sikh religion I am farmer and Indian origin,,false,245,517,0,Tue Dec 15 08:02:47 +0000 2020,21816,,,false,false,16395,,false,false,false,F5F8FA,,,false,http://pbs.twimg.com/profile_images/1413137532275937284/jYmaX_TK_normal.jpg,https://pbs.twimg.com/profile_images/1413137532275937284/jYmaX_TK_normal.jpg,,1DA1F2,C0DEED,DDEEF6,333333,true,true,true,false,false,false,false,none,,,,,Fri Jul 30 17:33:59 +0000 2021,1421162169190678500,1421162169190678529,"‡§≠‡§æ‡§ú‡§™‡§æ ‡§ú‡§¨ ‡§∏‡•á ‡§∏‡§§‡•ç‡§§‡§æ ‡§Æ‡•á‡§Ç ‡§Ü‡§à ‡§π‡•à, ""‡§π‡§ø‡§®‡•ç‡§¶‡•Ç ‡§ß‡§∞‡•ç‡§Æ ‡§ñ‡§§‡§∞‡•á ‡§Æ‡•á‡§Ç ‡§π‡•à""
‡§≠‡§æ‡§ú‡§™‡§æ ‡§ï‡•ã ‡§∏‡§§‡•ç‡§§‡§æ ‡§∏‡•á ‡§π‡§ü‡§æ ‡§¶‡•Ä‡§ú‡§ø‡§è, ‡§π‡§ø‡§®‡•ç‡§¶‡•Ç ‡§ß‡§∞‡•ç‡§Æ ‡§∏‡•Å‡§∞‡§ï‡•ç‡§∑‡§ø‡§§ ‡§π‡•ã ‡§ú‡§æ‡§è‡§ó‡§æ !",false,,,,,,hi,recent,"<a href=""http://twitter.com/download/iphone"" rel=""nofollow"">Twitter for iPhone</a>",,,,,,1049917051131895800,1049917051131895808,Chunni Lal Sahu,Chunni_lal_sahu,"Chhattisgarh, India",Ex MLA Akaltara | Member of Legislative Assembly | Vice President of @INCChhattisgarh | Janjgir Champa Chhattisgarh,https://t.co/36mDV7pVR3,false,82018,17634,19,Wed Oct 10 06:58:26 +0000 2018,10638,,,true,true,5552,,false,false,false,000000,http://abs.twimg.com/images/themes/theme1/bg.png,https://abs.twimg.com/images/themes/theme1/bg.png,false,http://pbs.twimg.com/profile_images/1394355046200995840/W7-9Jcz-_normal.jpg,https://pbs.twimg.com/profile_images/1394355046200995840/W7-9Jcz-_normal.jpg,https://pbs.twimg.com/profile_banners/1049917051131895808/1607168525,19CF86,000000,000000,000000,false,true,false,false,false,false,false,none,,,,,false,304,1806,false,false,hi,false,304,0,false,false,hi,,,,,,,,,,,,,,,,,,,,,,,,,https://t.co/36mDV7pVR3,https://www.facebook.com/chunnilalsahu.inc/,facebook.com/chunnilalsahu.‚Ä¶,0,23,,,,,,,,,,,,,,,,,,,,,,,,,,,,,,,,,,,
Fri Jul 30 22:49:42 +0000 2021,1421241621992157200,1421241621992157188,"RT @ippatel: ‡§≤‡•Å‡§ü‡§ø‡§Ø‡§Ç‡§∏ ‡§ï‡•á ‡§¨‡§π‡•Å‡§§ ‡§∏‡•á ‡§∏‡•á‡§≤‡§ø‡§¨‡•ç‡§∞‡§ø‡§ü‡•Ä ‡§™‡§§‡•ç‡§∞‡§ï‡§æ‡§∞‡•ã‡§Ç ‡§®‡•á‡§Ç ‡§¶‡§ø‡§≤‡•ç‡§≤‡•Ä ‡§ï‡•á ‡§ö‡§∞‡•ç‡§ö‡§ø‡§§ ‡§¶‡•å‡§∞‡•á ‡§™‡§∞ ‡§Ü‡§à ‡§è‡§ï ‡§Æ‡•Å‡§ñ‡•ç‡§Ø‡§Æ‡§Ç‡§§‡•ç‡§∞‡•Ä ‡§ï‡•á ‡§∏‡§æ‡§• ‡§¨‡§æ‡§§‡§ö‡•Ä‡§§ ‡§ï‡•Ä ‡§π‡•ã‡§ó‡•Ä‡•§

‡§™‡§∞ ‡§ï‡•ç‡§Ø‡§æ ‡§â‡§®‡§Æ‡•á‡§Ç‚Ä¶",false,ippatel,Prashant Umrao,285655507,285655507,3,11,hi,recent,"<a href=""http://twitter.com/download/android"" rel=""nofollow"">Twitter for Android</a>",,,,,,1039853564930261000,1039853564930260992,sachin kumr,tweet4sachin,"‡§™‡§æ‡§®‡•Ä‡§™‡§§, ‡§≠‡§æ‡§∞‡§§","Core field - Electrical engineering, Employed as Manager in Maha Ratna PSU. Passion - Driving, listing to music",https://t.co/KabPFiXs9m,false,5727,5328,0,Wed Sep 12 12:29:44 +0000 2018,52711,,,true,false,58892,,false,false,false,F5F8FA,,,false,http://pbs.twimg.com/profile_images/1413036804626735107/pv6W5blc_normal.jpg,https://pbs.twimg.com/profile_images/1413036804626735107/pv6W5blc_normal.jpg,https://pbs.twimg.com/profile_banners/1039853564930260992/1624888571,1DA1F2,C0DEED,DDEEF6,333333,true,true,true,false,false,false,false,none,,,,,Fri Jul 30 08:29:34 +0000 2021,1421025161927553000,1421025161927553024,"‡§≤‡•Å‡§ü‡§ø‡§Ø‡§Ç‡§∏ ‡§ï‡•á ‡§¨‡§π‡•Å‡§§ ‡§∏‡•á ‡§∏‡•á‡§≤‡§ø‡§¨‡•ç‡§∞‡§ø‡§ü‡•Ä ‡§™‡§§‡•ç‡§∞‡§ï‡§æ‡§∞‡•ã‡§Ç ‡§®‡•á‡§Ç ‡§¶‡§ø‡§≤‡•ç‡§≤‡•Ä ‡§ï‡•á ‡§ö‡§∞‡•ç‡§ö‡§ø‡§§ ‡§¶‡•å‡§∞‡•á ‡§™‡§∞ ‡§Ü‡§à ‡§è‡§ï ‡§Æ‡•Å‡§ñ‡•ç‡§Ø‡§Æ‡§Ç‡§§‡•ç‡§∞‡•Ä ‡§ï‡•á ‡§∏‡§æ‡§• ‡§¨‡§æ‡§§‡§ö‡•Ä‡§§ ‡§ï‡•Ä ‡§π‡•ã‡§ó‡•Ä‡•§

‡§™‡§∞‚Ä¶ https://t.co/AIqXQkUiMz",true,https://t.co/AIqXQkUiMz,https://twitter.com/i/web/status/1421025161927553024,twitter.com/i/web/status/1‚Ä¶,115,138,hi,recent,"<a href=""http://twitter.com/download/android"" rel=""nofollow"">Twitter for Android</a>",,,,,,285655507,285655507,Prashant Umrao,ippatel,"‡§´‡§§‡•á‡§π‡§™‡•Å‡§∞,‡§â‡§§‡•ç‡§§‡§∞ ‡§™‡•ç‡§∞‡§¶‡•á‡§∂,‡§≠‡§æ‡§∞‡§§",Standing Counsel in Supreme Court of India for the State of Goa.,https://t.co/0V4KDuKDri,false,231826,1700,368,Thu Apr 21 15:06:05 +0000 2011,35059,,,true,true,41397,,false,false,false,F2EEEF,http://abs.twimg.com/images/themes/theme4/bg.gif,https://abs.twimg.com/images/themes/theme4/bg.gif,true,http://pbs.twimg.com/profile_images/1417406377849344004/VgfWfpKC_normal.jpg,https://pbs.twimg.com/profile_images/1417406377849344004/VgfWfpKC_normal.jpg,https://pbs.twimg.com/profile_banners/285655507/1620822740,8F2E2E,FFFFFF,FAFAFA,7B8894,true,true,false,false,false,false,false,none,,,,,false,2747,8678,false,false,hi,false,2747,0,false,false,hi,,,,,,,,,,,,,,,,,,,,,,,,,https://t.co/0V4KDuKDri,http://www.prashantumrao.in,prashantumrao.in,0,23,,,,,,,,,,,,,,,,,,,,,,,,,,,,,,,https://t.co/KabPFiXs9m,http://srikrishna4you.blogspot.com,srikrishna4you.blogspot.com,0,23
Fri Jul 30 22:47:01 +0000 2021,1421240945115205600,1421240945115205633,"RT @maryada_maurya: ‡§≠‡§æ‡§ú‡§™‡§æ ‡§ú‡§¨ ‡§∏‡•á ‡§∏‡§§‡•ç‡§§‡§æ ‡§Æ‡•á‡§Ç ‡§Ü‡§à ‡§π‡•à, ""‡§π‡§ø‡§®‡•ç‡§¶‡•Ç ‡§ß‡§∞‡•ç‡§Æ ‡§ñ‡§§‡§∞‡•á ‡§Æ‡•á‡§Ç ‡§π‡•à""!
‡§≠‡§æ‡§ú‡§™‡§æ ‡§ï‡•ã ‡§∏‡§§‡•ç‡§§‡§æ ‡§∏‡•á ‡§π‡§ü‡§æ ‡§¶‡•Ä‡§ú‡§ø‡§è, ‡§π‡§ø‡§®‡•ç‡§¶‡•Ç ‡§ß‡§∞‡•ç‡§Æ ‡§∏‡•Å‡§∞‡§ï‡•ç‡§∑‡§ø‡§§ ‡§π‡•ã ‡§ú‡§æ‡§è‡§ó‡§æ ‡•§",false,maryada_maurya,Maryada Maurya,953383873945133000,953383873945133056,3,18,hi,recent,"<a href=""http://twitter.com/download/iphone"" rel=""nofollow"">Twitter for iPhone</a>",,,,,,64072941,64072941,Amin Aziz,aminaziz57,,#metoourbannaxals,https://t.co/CNtTV5NmAF,false,2757,1269,6,Sun Aug 09 00:21:09 +0000 2009,101337,,,true,false,130081,,false,false,false,C0DEED,http://abs.twimg.com/images/themes/theme1/bg.png,https://abs.twimg.com/images/themes/theme1/bg.png,false,http://pbs.twimg.com/profile_images/857116337516228609/r_MtpPDP_normal.jpg,https://pbs.twimg.com/profile_images/857116337516228609/r_MtpPDP_normal.jpg,https://pbs.twimg.com/profile_banners/64072941/1493187295,1DA1F2,C0DEED,DDEEF6,333333,true,true,true,false,false,false,false,none,,,,,Fri Jul 30 16:35:52 +0000 2021,1421147541513457700,1421147541513457668,"‡§≠‡§æ‡§ú‡§™‡§æ ‡§ú‡§¨ ‡§∏‡•á ‡§∏‡§§‡•ç‡§§‡§æ ‡§Æ‡•á‡§Ç ‡§Ü‡§à ‡§π‡•à, ""‡§π‡§ø‡§®‡•ç‡§¶‡•Ç ‡§ß‡§∞‡•ç‡§Æ ‡§ñ‡§§‡§∞‡•á ‡§Æ‡•á‡§Ç ‡§π‡•à""!
‡§≠‡§æ‡§ú‡§™‡§æ ‡§ï‡•ã ‡§∏‡§§‡•ç‡§§‡§æ ‡§∏‡•á ‡§π‡§ü‡§æ ‡§¶‡•Ä‡§ú‡§ø‡§è, ‡§π‡§ø‡§®‡•ç‡§¶‡•Ç ‡§ß‡§∞‡•ç‡§Æ ‡§∏‡•Å‡§∞‡§ï‡•ç‡§∑‡§ø‡§§ ‡§π‡•ã ‡§ú‡§æ‡§è‡§ó‡§æ ‡•§",false,,,,,,hi,recent,"<a href=""http://twitter.com/download/android"" rel=""nofollow"">Twitter for Android</a>",,,,,,953383873945133000,953383873945133056,Maryada Maurya,maryada_maurya,"Varanasi, India",@Social Worker | @Humanity Matters | Respect All @Religions | Curious| @Political Analytics | Tweets Are My @Personal | Likes & RT's Not @Endorsement,,false,90773,6098,24,Tue Jan 16 21:50:03 +0000 2018,18374,,,true,false,12842,,false,false,false,F5F8FA,,,false,http://pbs.twimg.com/profile_images/1420757507794817048/-I43O4rb_normal.jpg,https://pbs.twimg.com/profile_images/1420757507794817048/-I43O4rb_normal.jpg,https://pbs.twimg.com/profile_banners/953383873945133056/1627734235,1DA1F2,C0DEED,DDEEF6,333333,true,false,true,false,false,false,false,none,,,,,false,630,3913,false,false,hi,false,630,0,false,false,hi,,,,,,,,,,,,,,,,,,,,,,,,,,,,,,,,,,,,,,,,,,,,,,,,,,,,,,,,,,,,https://t.co/CNtTV5NmAF,http://mcaf.ee/n2w9z3?aminaziz57,mcaf.ee/n2w9z3?aminazi‚Ä¶,0,23
Fri Jul 30 22:45:29 +0000 2021,1421240560308785200,1421240560308785152,"RT @maryada_maurya: ‡§≠‡§æ‡§ú‡§™‡§æ ‡§ú‡§¨ ‡§∏‡•á ‡§∏‡§§‡•ç‡§§‡§æ ‡§Æ‡•á‡§Ç ‡§Ü‡§à ‡§π‡•à, ""‡§π‡§ø‡§®‡•ç‡§¶‡•Ç ‡§ß‡§∞‡•ç‡§Æ ‡§ñ‡§§‡§∞‡•á ‡§Æ‡•á‡§Ç ‡§π‡•à""!
‡§≠‡§æ‡§ú‡§™‡§æ ‡§ï‡•ã ‡§∏‡§§‡•ç‡§§‡§æ ‡§∏‡•á ‡§π‡§ü‡§æ ‡§¶‡•Ä‡§ú‡§ø‡§è, ‡§π‡§ø‡§®‡•ç‡§¶‡•Ç ‡§ß‡§∞‡•ç‡§Æ ‡§∏‡•Å‡§∞‡§ï‡•ç‡§∑‡§ø‡§§ ‡§π‡•ã ‡§ú‡§æ‡§è‡§ó‡§æ ‡•§",false,maryada_maurya,Maryada Maurya,953383873945133000,953383873945133056,3,18,hi,recent,"<a href=""http://twitter.com/download/android"" rel=""nofollow"">Twitter for Android</a>",,,,,,3250863554,3250863554,Santosh k. Gautam,sonug5594,India,"+ Engineer +
Varanasi U.P. India",,false,169,145,0,Sat Jun 20 17:14:58 +0000 2015,9955,,,false,false,5070,,false,false,false,C0DEED,http://abs.twimg.com/images/themes/theme1/bg.png,https://abs.twimg.com/images/themes/theme1/bg.png,false,http://pbs.twimg.com/profile_images/1405229979634323459/AqaQntFo_normal.jpg,https://pbs.twimg.com/profile_images/1405229979634323459/AqaQntFo_normal.jpg,https://pbs.twimg.com/profile_banners/3250863554/1623868987,1DA1F2,C0DEED,DDEEF6,333333,true,false,true,false,false,false,false,none,,,,,Fri Jul 30 16:35:52 +0000 2021,1421147541513457700,1421147541513457668,"‡§≠‡§æ‡§ú‡§™‡§æ ‡§ú‡§¨ ‡§∏‡•á ‡§∏‡§§‡•ç‡§§‡§æ ‡§Æ‡•á‡§Ç ‡§Ü‡§à ‡§π‡•à, ""‡§π‡§ø‡§®‡•ç‡§¶‡•Ç ‡§ß‡§∞‡•ç‡§Æ ‡§ñ‡§§‡§∞‡•á ‡§Æ‡•á‡§Ç ‡§π‡•à""!
‡§≠‡§æ‡§ú‡§™‡§æ ‡§ï‡•ã ‡§∏‡§§‡•ç‡§§‡§æ ‡§∏‡•á ‡§π‡§ü‡§æ ‡§¶‡•Ä‡§ú‡§ø‡§è, ‡§π‡§ø‡§®‡•ç‡§¶‡•Ç ‡§ß‡§∞‡•ç‡§Æ ‡§∏‡•Å‡§∞‡§ï‡•ç‡§∑‡§ø‡§§ ‡§π‡•ã ‡§ú‡§æ‡§è‡§ó‡§æ ‡•§",false,,,,,,hi,recent,"<a href=""http://twitter.com/download/android"" rel=""nofollow"">Twitter for Android</a>",,,,,,953383873945133000,953383873945133056,Maryada Maurya,maryada_maurya,"Varanasi, India",@Social Worker | @Humanity Matters | Respect All @Religions | Curious| @Political Analytics | Tweets Are My @Personal | Likes & RT's Not @Endorsement,,false,90773,6098,24,Tue Jan 16 21:50:03 +0000 2018,18374,,,true,false,12842,,false,false,false,F5F8FA,,,false,http://pbs.twimg.com/profile_images/1420757507794817048/-I43O4rb_normal.jpg,https://pbs.twimg.com/profile_images/1420757507794817048/-I43O4rb_normal.jpg,https://pbs.twimg.com/profile_banners/953383873945133056/1627734235,1DA1F2,C0DEED,DDEEF6,333333,true,false,true,false,false,false,false,none,,,,,false,630,3913,false,false,hi,false,630,0,false,false,hi,,,,,,,,,,,,,,,,,,,,,,,,,,,,,,,,,,,,,,,,,,,,,,,,,,,,,,,,,,,,,,,,
Fri Jul 30 22:44:24 +0000 2021,1421240285783228400,1421240285783228416,"RT @ippatel: ‡§≤‡•Å‡§ü‡§ø‡§Ø‡§Ç‡§∏ ‡§ï‡•á ‡§¨‡§π‡•Å‡§§ ‡§∏‡•á ‡§∏‡•á‡§≤‡§ø‡§¨‡•ç‡§∞‡§ø‡§ü‡•Ä ‡§™‡§§‡•ç‡§∞‡§ï‡§æ‡§∞‡•ã‡§Ç ‡§®‡•á‡§Ç ‡§¶‡§ø‡§≤‡•ç‡§≤‡•Ä ‡§ï‡•á ‡§ö‡§∞‡•ç‡§ö‡§ø‡§§ ‡§¶‡•å‡§∞‡•á ‡§™‡§∞ ‡§Ü‡§à ‡§è‡§ï ‡§Æ‡•Å‡§ñ‡•ç‡§Ø‡§Æ‡§Ç‡§§‡•ç‡§∞‡•Ä ‡§ï‡•á ‡§∏‡§æ‡§• ‡§¨‡§æ‡§§‡§ö‡•Ä‡§§ ‡§ï‡•Ä ‡§π‡•ã‡§ó‡•Ä‡•§

‡§™‡§∞ ‡§ï‡•ç‡§Ø‡§æ ‡§â‡§®‡§Æ‡•á‡§Ç‚Ä¶",false,ippatel,Prashant Umrao,285655507,285655507,3,11,hi,recent,"<a href=""http://twitter.com/download/android"" rel=""nofollow"">Twitter for Android</a>",,,,,,859767128039145500,859767128039145472,‡§π‡§ø‡§®‡•ç‡§¶‡•Ç ‡§∂‡•ç‡§∞‡•Ä ‡§∞‡§æ‡§Æ ‡§ß‡§æ‡§ï‡•ú,shreera967216,"Durg, India",,,false,168,94,0,Wed May 03 13:50:31 +0000 2017,17799,,,true,false,10234,,false,false,false,F5F8FA,,,false,http://pbs.twimg.com/profile_images/1138821538860285957/BDvXmDXr_normal.jpg,https://pbs.twimg.com/profile_images/1138821538860285957/BDvXmDXr_normal.jpg,https://pbs.twimg.com/profile_banners/859767128039145472/1624930239,1DA1F2,C0DEED,DDEEF6,333333,true,false,true,false,false,false,false,none,,,,,Fri Jul 30 08:29:34 +0000 2021,1421025161927553000,1421025161927553024,"‡§≤‡•Å‡§ü‡§ø‡§Ø‡§Ç‡§∏ ‡§ï‡•á ‡§¨‡§π‡•Å‡§§ ‡§∏‡•á ‡§∏‡•á‡§≤‡§ø‡§¨‡•ç‡§∞‡§ø‡§ü‡•Ä ‡§™‡§§‡•ç‡§∞‡§ï‡§æ‡§∞‡•ã‡§Ç ‡§®‡•á‡§Ç ‡§¶‡§ø‡§≤‡•ç‡§≤‡•Ä ‡§ï‡•á ‡§ö‡§∞‡•ç‡§ö‡§ø‡§§ ‡§¶‡•å‡§∞‡•á ‡§™‡§∞ ‡§Ü‡§à ‡§è‡§ï ‡§Æ‡•Å‡§ñ‡•ç‡§Ø‡§Æ‡§Ç‡§§‡•ç‡§∞‡•Ä ‡§ï‡•á ‡§∏‡§æ‡§• ‡§¨‡§æ‡§§‡§ö‡•Ä‡§§ ‡§ï‡•Ä ‡§π‡•ã‡§ó‡•Ä‡•§

‡§™‡§∞‚Ä¶ https://t.co/AIqXQkUiMz",true,https://t.co/AIqXQkUiMz,https://twitter.com/i/web/status/1421025161927553024,twitter.com/i/web/status/1‚Ä¶,115,138,hi,recent,"<a href=""http://twitter.com/download/android"" rel=""nofollow"">Twitter for Android</a>",,,,,,285655507,285655507,Prashant Umrao,ippatel,"‡§´‡§§‡•á‡§π‡§™‡•Å‡§∞,‡§â‡§§‡•ç‡§§‡§∞ ‡§™‡•ç‡§∞‡§¶‡•á‡§∂,‡§≠‡§æ‡§∞‡§§",Standing Counsel in Supreme Court of India for the State of Goa.,https://t.co/0V4KDuKDri,false,231826,1700,368,Thu Apr 21 15:06:05 +0000 2011,35059,,,true,true,41397,,false,false,false,F2EEEF,http://abs.twimg.com/images/themes/theme4/bg.gif,https://abs.twimg.com/images/themes/theme4/bg.gif,true,http://pbs.twimg.com/profile_images/1417406377849344004/VgfWfpKC_normal.jpg,https://pbs.twimg.com/profile_images/1417406377849344004/VgfWfpKC_normal.jpg,https://pbs.twimg.com/profile_banners/285655507/1620822740,8F2E2E,FFFFFF,FAFAFA,7B8894,true,true,false,false,false,false,false,none,,,,,false,2747,8678,false,false,hi,false,2747,0,false,false,hi,,,,,,,,,,,,,,,,,,,,,,,,,https://t.co/0V4KDuKDri,http://www.prashantumrao.in,prashantumrao.in,0,23,,,,,,,,,,,,,,,,,,,,,,,,,,,,,,,,,,,
Fri Jul 30 22:44:17 +0000 2021,1421240257043787800,1421240257043787777,RT @AadeshRawal: ‡§Æ‡•Å‡§Ç‡§¨‡§à ‡§®‡§ó‡§∞‡•Ä ‡§ï‡•Ä ‡§è‡§ï ‡§¨‡§°‡§º‡•Ä ‡§Ö‡§≠‡§ø‡§®‡•á‡§§‡•ç‡§∞‡•Ä ‡§π‡•à‡•§ ‡§ú‡§ø‡§®‡§ï‡•Ä ‡§Æ‡§æ‡§§‡§æ ‡§ú‡•Ä ‡§™‡•ç‡§∞‡§ñ‡•ç‡§Ø‡§æ‡§§ ‡§ú‡•ç‡§Ø‡•ã‡§§‡§ø‡§∑ ‡§π‡•à‡•§ ‡§Æ‡•Å‡§Ç‡§¨‡§à ‡§ï‡•á ‡§â‡§ß‡•ã‡§ó ‡§ò‡§∞‡§æ‡§®‡•ã‡§Ç ‡§∏‡•á ‡§≤‡•á‡§ï‡§∞ ‡§¨‡§æ‡§≤‡•Ä‡§µ‡•Å‡§° ‡§§‡§ï ‡§∏‡§¨ ‡§â‡§®‡§ï‡•á ‡§™‡§æ‡§∏‚Ä¶,false,AadeshRawal,Aadesh Rawal,475618166,475618166,3,15,hi,recent,"<a href=""http://twitter.com/download/android"" rel=""nofollow"">Twitter for Android</a>",,,,,,461381268,461381268,rzk,rzk_ali,‡§≠‡§æ‡§∞‡§§,A Proud INDIAN | Lawyer | Want India to be True Secular | RT  & ‚ù§ not Endorsements.,https://t.co/lhfq2KwDau,false,2093,4142,36,Wed Jan 11 18:58:19 +0000 2012,6914,,,true,false,281016,,false,false,false,8B542B,http://abs.twimg.com/images/themes/theme8/bg.gif,https://abs.twimg.com/images/themes/theme8/bg.gif,true,http://pbs.twimg.com/profile_images/1416102348892475393/zfLUKFTp_normal.jpg,https://pbs.twimg.com/profile_images/1416102348892475393/zfLUKFTp_normal.jpg,https://pbs.twimg.com/profile_banners/461381268/1451505245,9D582E,D9B17E,EADEAA,333333,false,true,false,false,false,false,false,none,,,,,Fri Jul 30 17:23:40 +0000 2021,1421159573155717000,1421159573155717124,‡§Æ‡•Å‡§Ç‡§¨‡§à ‡§®‡§ó‡§∞‡•Ä ‡§ï‡•Ä ‡§è‡§ï ‡§¨‡§°‡§º‡•Ä ‡§Ö‡§≠‡§ø‡§®‡•á‡§§‡•ç‡§∞‡•Ä ‡§π‡•à‡•§ ‡§ú‡§ø‡§®‡§ï‡•Ä ‡§Æ‡§æ‡§§‡§æ ‡§ú‡•Ä ‡§™‡•ç‡§∞‡§ñ‡•ç‡§Ø‡§æ‡§§ ‡§ú‡•ç‡§Ø‡•ã‡§§‡§ø‡§∑ ‡§π‡•à‡•§ ‡§Æ‡•Å‡§Ç‡§¨‡§à ‡§ï‡•á ‡§â‡§ß‡•ã‡§ó ‡§ò‡§∞‡§æ‡§®‡•ã‡§Ç ‡§∏‡•á ‡§≤‡•á‡§ï‡§∞ ‡§¨‡§æ‡§≤‡•Ä‡§µ‡•Å‡§° ‡§§‡§ï ‡§∏‡§¨ ‡§â‚Ä¶ https://t.co/nS5Qk2AaVh,true,https://t.co/nS5Qk2AaVh,https://twitter.com/i/web/status/1421159573155717124,twitter.com/i/web/status/1‚Ä¶,117,140,hi,recent,"<a href=""http://twitter.com/download/iphone"" rel=""nofollow"">Twitter for iPhone</a>",,,,,,475618166,475618166,Aadesh Rawal,AadeshRawal,"New Delhi, India",Journalist,https://t.co/OzXHjZcFKX,false,71518,898,104,Fri Jan 27 07:53:45 +0000 2012,28124,,,true,true,32147,,false,false,false,C0DEED,http://abs.twimg.com/images/themes/theme1/bg.png,https://abs.twimg.com/images/themes/theme1/bg.png,false,http://pbs.twimg.com/profile_images/1174322557203300352/G1AO0HKL_normal.jpg,https://pbs.twimg.com/profile_images/1174322557203300352/G1AO0HKL_normal.jpg,https://pbs.twimg.com/profile_banners/475618166/1624161355,1DA1F2,C0DEED,DDEEF6,333333,true,true,true,false,false,false,false,none,,,,,false,342,3299,false,false,hi,false,342,0,false,false,hi,,,,,,,,,,,,,,,,,,,,,,,,,https://t.co/OzXHjZcFKX,http://www.youtube.com/channel/UCPGL-8g4ThlRfiWZ6FrnOzA,youtube.com/channel/UCPGL-‚Ä¶,0,23,,,,,,,,,,,,,,,,,,,,,,,,,,,,,,,https://t.co/lhfq2KwDau,http://mohdrazzakalikhan.in,mohdrazzakalikhan.in,0,23
Fri Jul 30 22:43:21 +0000 2021,1421240021655376000,1421240021655375873,RT @PNRai1: DMK ‡§ï‡§π‡§§‡•Ä ‡§Ü‡§à ‡§π‡•à ‡§ï‡§ø ‡§§‡§Æ‡§ø‡§≤‡§®‡§æ‡§°‡•Å ‡§ï‡•á  ‡§Æ‡§Ç‡§¶‡§ø‡§∞‡•ã‡§Ç (37000) ‡§ï‡•ã ‡§Ö‡§∏‡•ç‡§™‡§§‡§æ‡§≤ ‡§î‡§∞ ‡§∏‡•ç‡§ï‡•Ç‡§≤ ‡§ï‡•â‡§≤‡•á‡§ú ‡§Æ‡•á‡§Ç ‡§¨‡§¶‡§≤ ‡§¶‡•á‡§®‡§æ ‡§ö‡§æ‡§π‡§ø‡§è‡•§ ‡§Ö‡§ß‡§ø‡§ï‡§æ‡§∞‡§ø‡§Ø‡•ã‡§Ç ‡§®‡•á ‡§â‡§∏‡§ï‡•Ä ‡§§‡•à‡§Ø‡§æ‡§∞‡•Ä ‡§∂‡•Å‡§∞‡•Ç ‡§ï‡§∞‚Ä¶,false,PNRai1,P.N.Rai,1095710520,1095710520,3,10,hi,recent,"<a href=""http://twitter.com/download/android"" rel=""nofollow"">Twitter for Android</a>",,,,,,735763104454189000,735763104454189056,Ravindra singh,Ravindr61523952,Kingdom of Saudi Arabia ,,,false,3497,4999,0,Thu May 26 09:22:48 +0000 2016,122112,,,true,false,23089,,false,false,false,F5F8FA,,,false,http://pbs.twimg.com/profile_images/735764637249986560/6nRcPW9D_normal.jpg,https://pbs.twimg.com/profile_images/735764637249986560/6nRcPW9D_normal.jpg,https://pbs.twimg.com/profile_banners/735763104454189056/1594313454,1DA1F2,C0DEED,DDEEF6,333333,true,true,true,false,false,false,false,none,,,,,Fri Jul 30 13:52:04 +0000 2021,1421106323219878000,1421106323219877901,DMK ‡§ï‡§π‡§§‡•Ä ‡§Ü‡§à ‡§π‡•à ‡§ï‡§ø ‡§§‡§Æ‡§ø‡§≤‡§®‡§æ‡§°‡•Å ‡§ï‡•á  ‡§Æ‡§Ç‡§¶‡§ø‡§∞‡•ã‡§Ç (37000) ‡§ï‡•ã ‡§Ö‡§∏‡•ç‡§™‡§§‡§æ‡§≤ ‡§î‡§∞ ‡§∏‡•ç‡§ï‡•Ç‡§≤ ‡§ï‡•â‡§≤‡•á‡§ú ‡§Æ‡•á‡§Ç ‡§¨‡§¶‡§≤ ‡§¶‡•á‡§®‡§æ ‡§ö‡§æ‡§π‡§ø‡§è‡•§ ‡§Ö‡§ß‡§ø‡§ï‡§æ‡§∞‡§ø‡§Ø‡•ã‡§Ç ‡§®‡•á ‡§â‡§∏‡§ï‡•Ä ‡§§‡•à‚Ä¶ https://t.co/pnAoQAIPbJ,true,https://t.co/pnAoQAIPbJ,https://twitter.com/i/web/status/1421106323219877901,twitter.com/i/web/status/1‚Ä¶,116,139,hi,recent,"<a href=""http://twitter.com/download/android"" rel=""nofollow"">Twitter for Android</a>",,,,,,1095710520,1095710520,P.N.Rai,PNRai1,"Bengaluru, India","‡§∞‡§æ‡§ú‡§®‡•Ä‡§§‡§ø‡§ï ‡§µ‡§ø‡§∂‡•ç‡§≤‡•á‡§∑‡§ï
‡§Æ‡•ã‡§¶‡•Ä ‡§î‡§∞ ‡§Ø‡•ã‡§ó‡•Ä ‡§∏‡§Æ‡§∞‡•ç‡§•‡§ï ‡§î‡§∞ ‡§Ü‡§≤‡•ã‡§ö‡§ï‡•§
‡§¢‡•ã‡§Ç‡§ó‡•Ä ‡§∏‡•á‡§ï‡•Å‡§≤‡§∞, ‡§ï‡§æ‡§Ç‡§ó‡•ç‡§∞‡•á‡§∏‡•Ä, ‡§ú‡•á‡§π‡§æ‡§¶‡•Ä, ‡§Æ‡§æ‡§ì‡§µ‡§æ‡§¶‡•Ä, ‡§Ö‡§∞‡•ç‡§¨‡§® ‡§®‡§ï‡•ç‡§∏‡§≤‡§ø‡§Ø‡•ã‡§Ç ‡§∏‡•á ‡§®‡§´‡§∞‡§§‡•§",,false,26020,5823,28,Wed Jan 16 16:44:25 +0000 2013,21120,,,true,false,50845,,false,false,false,C0DEED,http://abs.twimg.com/images/themes/theme1/bg.png,https://abs.twimg.com/images/themes/theme1/bg.png,false,http://pbs.twimg.com/profile_images/1211646332269555712/FKXQaPnP_normal.jpg,https://pbs.twimg.com/profile_images/1211646332269555712/FKXQaPnP_normal.jpg,https://pbs.twimg.com/profile_banners/1095710520/1577714227,1DA1F2,C0DEED,DDEEF6,333333,true,true,true,false,false,false,false,none,,,,,false,76,90,false,false,hi,false,76,0,false,false,hi,,,,,,,,,,,,,,,,,,,,,,,,,,,,,,false,,,,,,,,,,,,,,,,,,,,,,,,,,,,,,,,,,
Fri Jul 30 22:43:11 +0000 2021,1421239982652465200,1421239982652465152,"RT @MD_Taj43260469: ‡§ï‡•å‡§® ‡§ï‡§π‡§§‡§æ ‡§π‡•à ‡§ï‡•Ä.. 
    ‡§¶‡§´‡§®‡§æ‡§è ‡§π‡•Å‡§è ‡§ï‡•ã.. 
         ‡§ú‡§≤‡§æ‡§Ø‡§æ ‡§®‡§π‡•Ä ‡§ú‡§æ‡§§‡§æ.. 

‡§Ü‡§à ‡§•‡•Ä ‡§Æ‡•á‡§∞‡•Ä ‡§ï‡§¨‡•ç‡§∞ ‡§™‡•á.. 
       ‡§Æ‡•Å‡§ù‡§∏‡•á ‡§Æ‡§ø‡§≤‡§®‡•á ‡§Ö‡§™‡§®‡•á..‚Ä¶",false,MD_Taj43260469,MD üíê Taj,1386748747577659400,1386748747577659392,3,18,hi,recent,"<a href=""http://twitter.com/download/android"" rel=""nofollow"">Twitter for Android</a>",,,,,,1400545315137065000,1400545315137064960,Ankita Valmiki,ValmikiAnkita,"New Delhi, India",,,false,4194,3040,0,Thu Jun 03 20:10:14 +0000 2021,2135,,,false,false,7636,,false,false,false,F5F8FA,,,false,http://pbs.twimg.com/profile_images/1400547776052666369/seGi6T6e_normal.jpg,https://pbs.twimg.com/profile_images/1400547776052666369/seGi6T6e_normal.jpg,https://pbs.twimg.com/profile_banners/1400545315137064960/1626705467,1DA1F2,C0DEED,DDEEF6,333333,true,true,true,false,false,false,false,none,,,,,Fri Jul 30 18:47:54 +0000 2021,1421180770677231600,1421180770677231619,"‡§ï‡•å‡§® ‡§ï‡§π‡§§‡§æ ‡§π‡•à ‡§ï‡•Ä.. 
    ‡§¶‡§´‡§®‡§æ‡§è ‡§π‡•Å‡§è ‡§ï‡•ã.. 
         ‡§ú‡§≤‡§æ‡§Ø‡§æ ‡§®‡§π‡•Ä ‡§ú‡§æ‡§§‡§æ.. 

‡§Ü‡§à ‡§•‡•Ä ‡§Æ‡•á‡§∞‡•Ä ‡§ï‡§¨‡•ç‡§∞ ‡§™‡•á.. 
       ‡§Æ‡•Å‡§ù‡§∏‡•á ‡§Æ‡§ø‡§≤‡§®‡•á ‡§Ö‡§™‡§®‡•á..‚Ä¶ https://t.co/uAB1pk4XY5",true,https://t.co/uAB1pk4XY5,https://twitter.com/i/web/status/1421180770677231619,twitter.com/i/web/status/1‚Ä¶,115,138,hi,recent,"<a href=""http://twitter.com/download/android"" rel=""nofollow"">Twitter for Android</a>",,,,,,1386748747577659400,1386748747577659392,MD üíê Taj,MD_Taj43260469,"Varanasi, India","‡§ú‡§º‡§ø‡§®‡•ç‡§¶‡§ó‡•Ä ‡§¨‡§¶‡§≤‡§®‡•á ‡§ï‡•á ‡§≤‡§ø‡§è ‡§≤‡§°‡§º‡§®‡§æ ‡§™‡§°‡§º‡§§‡§æ ‡§π‡•à ‡§î‡§∞ ‡§Ü‡§∏‡§æ‡§® ‡§ï‡§∞‡§®‡•á ‡§ï‡•á ‡§≤‡§ø‡§è ‡§∏‡§Æ‡§ù‡§®‡§æ ‡§™‡§°‡§º‡§§‡§æ ‡§π‡•à‚Äù 
ü•∞ü•∞üòç",,false,2380,2384,1,Mon Apr 26 18:27:40 +0000 2021,15834,,,false,false,12080,,false,false,false,F5F8FA,,,false,http://pbs.twimg.com/profile_images/1413522129128026114/cuY38avn_normal.jpg,https://pbs.twimg.com/profile_images/1413522129128026114/cuY38avn_normal.jpg,https://pbs.twimg.com/profile_banners/1386748747577659392/1624517514,1DA1F2,C0DEED,DDEEF6,333333,true,true,true,false,false,false,false,none,,,,,false,25,50,false,false,hi,false,25,0,false,false,hi,,,,,,,,,,,,,,,,,,,,,,,,,,,,,,,,,,,,,,,,,,,,,,,,,,,,,,,,,,,,,,,,
Fri Jul 30 22:43:03 +0000 2021,1421239947831382000,1421239947831382016,"RT @ippatel: ‡§≤‡•Å‡§ü‡§ø‡§Ø‡§Ç‡§∏ ‡§ï‡•á ‡§¨‡§π‡•Å‡§§ ‡§∏‡•á ‡§∏‡•á‡§≤‡§ø‡§¨‡•ç‡§∞‡§ø‡§ü‡•Ä ‡§™‡§§‡•ç‡§∞‡§ï‡§æ‡§∞‡•ã‡§Ç ‡§®‡•á‡§Ç ‡§¶‡§ø‡§≤‡•ç‡§≤‡•Ä ‡§ï‡•á ‡§ö‡§∞‡•ç‡§ö‡§ø‡§§ ‡§¶‡•å‡§∞‡•á ‡§™‡§∞ ‡§Ü‡§à ‡§è‡§ï ‡§Æ‡•Å‡§ñ‡•ç‡§Ø‡§Æ‡§Ç‡§§‡•ç‡§∞‡•Ä ‡§ï‡•á ‡§∏‡§æ‡§• ‡§¨‡§æ‡§§‡§ö‡•Ä‡§§ ‡§ï‡•Ä ‡§π‡•ã‡§ó‡•Ä‡•§

‡§™‡§∞ ‡§ï‡•ç‡§Ø‡§æ ‡§â‡§®‡§Æ‡•á‡§Ç‚Ä¶",false,ippatel,Prashant Umrao,285655507,285655507,3,11,hi,recent,"<a href=""http://twitter.com/download/android"" rel=""nofollow"">Twitter for Android</a>",,,,,,1273123074381172700,1273123074381172743,Bhawesh Thakur,BhaweshThakur2,,Jay shree ram,,false,20,27,0,Wed Jun 17 05:20:20 +0000 2020,4636,,,false,false,457,,false,false,false,F5F8FA,,,false,http://pbs.twimg.com/profile_images/1283637522900193280/MoiEAhbv_normal.jpg,https://pbs.twimg.com/profile_images/1283637522900193280/MoiEAhbv_normal.jpg,,1DA1F2,C0DEED,DDEEF6,333333,true,false,true,false,false,false,false,none,,,,,Fri Jul 30 08:29:34 +0000 2021,1421025161927553000,1421025161927553024,"‡§≤‡•Å‡§ü‡§ø‡§Ø‡§Ç‡§∏ ‡§ï‡•á ‡§¨‡§π‡•Å‡§§ ‡§∏‡•á ‡§∏‡•á‡§≤‡§ø‡§¨‡•ç‡§∞‡§ø‡§ü‡•Ä ‡§™‡§§‡•ç‡§∞‡§ï‡§æ‡§∞‡•ã‡§Ç ‡§®‡•á‡§Ç ‡§¶‡§ø‡§≤‡•ç‡§≤‡•Ä ‡§ï‡•á ‡§ö‡§∞‡•ç‡§ö‡§ø‡§§ ‡§¶‡•å‡§∞‡•á ‡§™‡§∞ ‡§Ü‡§à ‡§è‡§ï ‡§Æ‡•Å‡§ñ‡•ç‡§Ø‡§Æ‡§Ç‡§§‡•ç‡§∞‡•Ä ‡§ï‡•á ‡§∏‡§æ‡§• ‡§¨‡§æ‡§§‡§ö‡•Ä‡§§ ‡§ï‡•Ä ‡§π‡•ã‡§ó‡•Ä‡•§

‡§™‡§∞‚Ä¶ https://t.co/AIqXQkUiMz",true,https://t.co/AIqXQkUiMz,https://twitter.com/i/web/status/1421025161927553024,twitter.com/i/web/status/1‚Ä¶,115,138,hi,recent,"<a href=""http://twitter.com/download/android"" rel=""nofollow"">Twitter for Android</a>",,,,,,285655507,285655507,Prashant Umrao,ippatel,"‡§´‡§§‡•á‡§π‡§™‡•Å‡§∞,‡§â‡§§‡•ç‡§§‡§∞ ‡§™‡•ç‡§∞‡§¶‡•á‡§∂,‡§≠‡§æ‡§∞‡§§",Standing Counsel in Supreme Court of India for the State of Goa.,https://t.co/0V4KDuKDri,false,231826,1700,368,Thu Apr 21 15:06:05 +0000 2011,35059,,,true,true,41397,,false,false,false,F2EEEF,http://abs.twimg.com/images/themes/theme4/bg.gif,https://abs.twimg.com/images/themes/theme4/bg.gif,true,http://pbs.twimg.com/profile_images/1417406377849344004/VgfWfpKC_normal.jpg,https://pbs.twimg.com/profile_images/1417406377849344004/VgfWfpKC_normal.jpg,https://pbs.twimg.com/profile_banners/285655507/1620822740,8F2E2E,FFFFFF,FAFAFA,7B8894,true,true,false,false,false,false,false,none,,,,,false,2747,8678,false,false,hi,false,2747,0,false,false,hi,,,,,,,,,,,,,,,,,,,,,,,,,https://t.co/0V4KDuKDri,http://www.prashantumrao.in,prashantumrao.in,0,23,,,,,,,,,,,,,,,,,,,,,,,,,,,,,,,,,,,
Fri Jul 30 22:42:35 +0000 2021,1421239829115768800,1421239829115768832,"RT @iamdolly1108: ‡§≤‡•á‡§§‡•Ä ‡§®‡§π‡•Ä‡§Ç ‡§¶‡§µ‡§æ‡§à ""‡§Æ‡§æ‡§Å
‡§ú‡•ã‡§°‡§º‡•á ‡§™‡§æ‡§à-‡§™‡§æ‡§à ""‡§Æ‡§æ‡§Å

‡§¶‡•Å‡§É‡§ñ ‡§•‡•á ‡§™‡§∞‡•ç‡§µ‡§§ ‡§∏‡•á ‡§≤‡•Å‡§ï‡§Æ‡§æ‡§®
‡§π‡§æ‡§∞‡•Ä ‡§®‡§π‡•Ä‡§Ç ‡§≤‡§°‡§º‡§æ‡§à ""‡§Æ‡§æ‡§Å

‡§á‡§∏ ‡§¶‡•Å‡§®‡§ø‡§Ø‡§æ‡§Ç ‡§Æ‡•á‡§Ç ‡§∏‡§¨ ‡§Æ‡•à‡§≤‡•á ‡§π‡•à‡§Ç
‡§ï‡§ø‡§∏ ‡§¶‡•Å‡§®‡§ø‚Ä¶",false,iamdolly1108,Dollyüíñüíï #‡§∏‡§≤‡§æ‡§Æ‡§®‡§Æ‡§∏‡•ç‡§§‡•áüôè ‡§§‡§π‡•á ‡§¶‡§ø‡§≤ ‡§∏‡•á..Lucknow ‡§∏‡•á..üíï,1273214239277080600,1273214239277080577,3,16,hi,recent,"<a href=""http://twitter.com/download/android"" rel=""nofollow"">Twitter for Android</a>",,,,,,1400545315137065000,1400545315137064960,Ankita Valmiki,ValmikiAnkita,"New Delhi, India",,,false,4194,3040,0,Thu Jun 03 20:10:14 +0000 2021,2135,,,false,false,7636,,false,false,false,F5F8FA,,,false,http://pbs.twimg.com/profile_images/1400547776052666369/seGi6T6e_normal.jpg,https://pbs.twimg.com/profile_images/1400547776052666369/seGi6T6e_normal.jpg,https://pbs.twimg.com/profile_banners/1400545315137064960/1626705467,1DA1F2,C0DEED,DDEEF6,333333,true,true,true,false,false,false,false,none,,,,,Fri Jul 30 19:55:29 +0000 2021,1421197777304834000,1421197777304834056,"‡§≤‡•á‡§§‡•Ä ‡§®‡§π‡•Ä‡§Ç ‡§¶‡§µ‡§æ‡§à ""‡§Æ‡§æ‡§Å
‡§ú‡•ã‡§°‡§º‡•á ‡§™‡§æ‡§à-‡§™‡§æ‡§à ""‡§Æ‡§æ‡§Å

‡§¶‡•Å‡§É‡§ñ ‡§•‡•á ‡§™‡§∞‡•ç‡§µ‡§§ ‡§∏‡•á ‡§≤‡•Å‡§ï‡§Æ‡§æ‡§®
‡§π‡§æ‡§∞‡•Ä ‡§®‡§π‡•Ä‡§Ç ‡§≤‡§°‡§º‡§æ‡§à ""‡§Æ‡§æ‡§Å

‡§á‡§∏ ‡§¶‡•Å‡§®‡§ø‡§Ø‡§æ‡§Ç ‡§Æ‡•á‡§Ç ‡§∏‡§¨ ‡§Æ‡•à‡§≤‡•á ‡§π‡•à‡§Ç
‡§ï‡§ø‚Ä¶ https://t.co/5kIwnoFkp3",true,https://t.co/5kIwnoFkp3,https://twitter.com/i/web/status/1421197777304834056,twitter.com/i/web/status/1‚Ä¶,117,140,hi,recent,"<a href=""http://twitter.com/download/android"" rel=""nofollow"">Twitter for Android</a>",,,,,,1273214239277080600,1273214239277080577,Dollyüíñüíï #‡§∏‡§≤‡§æ‡§Æ‡§®‡§Æ‡§∏‡•ç‡§§‡•áüôè ‡§§‡§π‡•á ‡§¶‡§ø‡§≤ ‡§∏‡•á..Lucknow ‡§∏‡•á..üíï,iamdolly1108,"Lucknow, India","üíñ Lafz hi hote hai, Insaan Ka Aaina.üíï
 Love to Write üíï‚úçÔ∏è
               Artist ‚úçÔ∏è‚ù§Ô∏è
  Lucknowite üèôÔ∏è
FoodLoverüç°üç´üçß 
Music üé∂üíÉüéº
Mera Bharat Mahaan ‚úäüáÆüá≥‚ù§Ô∏è",,false,38027,9204,10,Wed Jun 17 11:22:39 +0000 2020,62465,,,true,false,54161,,false,false,false,F5F8FA,,,false,http://pbs.twimg.com/profile_images/1341347181576392705/W-0CB7GH_normal.jpg,https://pbs.twimg.com/profile_images/1341347181576392705/W-0CB7GH_normal.jpg,https://pbs.twimg.com/profile_banners/1273214239277080577/1594404420,1DA1F2,C0DEED,DDEEF6,333333,true,true,true,false,false,false,false,none,,,,,false,93,253,false,false,hi,false,93,0,false,false,hi,,,,,,,,,,,,,,,,,,,,,,,,,,,,,,false,,,,,,,,,,,,,,,,,,,,,,,,,,,,,,,,,,
Fri Jul 30 22:41:59 +0000 2021,1421239678850588700,1421239678850588673,"RT @iamdolly1108: ‡§≤‡•á‡§§‡•Ä ‡§®‡§π‡•Ä‡§Ç ‡§¶‡§µ‡§æ‡§à ""‡§Æ‡§æ‡§Å
‡§ú‡•ã‡§°‡§º‡•á ‡§™‡§æ‡§à-‡§™‡§æ‡§à ""‡§Æ‡§æ‡§Å

‡§¶‡•Å‡§É‡§ñ ‡§•‡•á ‡§™‡§∞‡•ç‡§µ‡§§ ‡§∏‡•á ‡§≤‡•Å‡§ï‡§Æ‡§æ‡§®
‡§π‡§æ‡§∞‡•Ä ‡§®‡§π‡•Ä‡§Ç ‡§≤‡§°‡§º‡§æ‡§à ""‡§Æ‡§æ‡§Å

‡§á‡§∏ ‡§¶‡•Å‡§®‡§ø‡§Ø‡§æ‡§Ç ‡§Æ‡•á‡§Ç ‡§∏‡§¨ ‡§Æ‡•à‡§≤‡•á ‡§π‡•à‡§Ç
‡§ï‡§ø‡§∏ ‡§¶‡•Å‡§®‡§ø‚Ä¶",false,iamdolly1108,Dollyüíñüíï #‡§∏‡§≤‡§æ‡§Æ‡§®‡§Æ‡§∏‡•ç‡§§‡•áüôè ‡§§‡§π‡•á ‡§¶‡§ø‡§≤ ‡§∏‡•á..Lucknow ‡§∏‡•á..üíï,1273214239277080600,1273214239277080577,3,16,hi,recent,"<a href=""http://twitter.com/download/android"" rel=""nofollow"">Twitter for Android</a>",,,,,,1389574258624393200,1389574258624393216,Sanjana Rawal,Sanjana2Rawal,"Gandhinagar, India",,,false,4469,3763,2,Tue May 04 13:35:37 +0000 2021,4132,,,false,false,13021,,false,false,false,F5F8FA,,,false,http://pbs.twimg.com/profile_images/1420739865717592068/7VfF1t2o_normal.jpg,https://pbs.twimg.com/profile_images/1420739865717592068/7VfF1t2o_normal.jpg,https://pbs.twimg.com/profile_banners/1389574258624393216/1624750900,1DA1F2,C0DEED,DDEEF6,333333,true,true,true,false,false,false,false,none,,,,,Fri Jul 30 19:55:29 +0000 2021,1421197777304834000,1421197777304834056,"‡§≤‡•á‡§§‡•Ä ‡§®‡§π‡•Ä‡§Ç ‡§¶‡§µ‡§æ‡§à ""‡§Æ‡§æ‡§Å
‡§ú‡•ã‡§°‡§º‡•á ‡§™‡§æ‡§à-‡§™‡§æ‡§à ""‡§Æ‡§æ‡§Å

‡§¶‡•Å‡§É‡§ñ ‡§•‡•á ‡§™‡§∞‡•ç‡§µ‡§§ ‡§∏‡•á ‡§≤‡•Å‡§ï‡§Æ‡§æ‡§®
‡§π‡§æ‡§∞‡•Ä ‡§®‡§π‡•Ä‡§Ç ‡§≤‡§°‡§º‡§æ‡§à ""‡§Æ‡§æ‡§Å

‡§á‡§∏ ‡§¶‡•Å‡§®‡§ø‡§Ø‡§æ‡§Ç ‡§Æ‡•á‡§Ç ‡§∏‡§¨ ‡§Æ‡•à‡§≤‡•á ‡§π‡•à‡§Ç
‡§ï‡§ø‚Ä¶ https://t.co/5kIwnoFkp3",true,https://t.co/5kIwnoFkp3,https://twitter.com/i/web/status/1421197777304834056,twitter.com/i/web/status/1‚Ä¶,117,140,hi,recent,"<a href=""http://twitter.com/download/android"" rel=""nofollow"">Twitter for Android</a>",,,,,,1273214239277080600,1273214239277080577,Dollyüíñüíï #‡§∏‡§≤‡§æ‡§Æ‡§®‡§Æ‡§∏‡•ç‡§§‡•áüôè ‡§§‡§π‡•á ‡§¶‡§ø‡§≤ ‡§∏‡•á..Lucknow ‡§∏‡•á..üíï,iamdolly1108,"Lucknow, India","üíñ Lafz hi hote hai, Insaan Ka Aaina.üíï
 Love to Write üíï‚úçÔ∏è
               Artist ‚úçÔ∏è‚ù§Ô∏è
  Lucknowite üèôÔ∏è
FoodLoverüç°üç´üçß 
Music üé∂üíÉüéº
Mera Bharat Mahaan ‚úäüáÆüá≥‚ù§Ô∏è",,false,38027,9204,10,Wed Jun 17 11:22:39 +0000 2020,62465,,,true,false,54161,,false,false,false,F5F8FA,,,false,http://pbs.twimg.com/profile_images/1341347181576392705/W-0CB7GH_normal.jpg,https://pbs.twimg.com/profile_images/1341347181576392705/W-0CB7GH_normal.jpg,https://pbs.twimg.com/profile_banners/1273214239277080577/1594404420,1DA1F2,C0DEED,DDEEF6,333333,true,true,true,false,false,false,false,none,,,,,false,93,253,false,false,hi,false,93,0,false,false,hi,,,,,,,,,,,,,,,,,,,,,,,,,,,,,,false,,,,,,,,,,,,,,,,,,,,,,,,,,,,,,,,,,
Fri Jul 30 22:41:37 +0000 2021,1421239585846091800,1421239585846091778,RT @Alokkha01372622: @PNRai1 ‡§∏‡§∞ ‡§ú‡•ã ‡§ú‡§æ‡§ó‡•É‡§§‡§ø ‡§™‡§ø‡§õ‡§≤‡•á 5 ‡§∏‡§æ‡§≤‡•ã‡§Ç ‡§Æ‡•á‡§Ç ‡§Ü‡§à ‡§π‡•à ‡§Ö‡§ó‡§∞ ‡§µ‡§π‡•Ä ‡§Ü‡§ó ‡§ú‡§≤‡§§‡•Ä ‡§∞‡§π‡•Ä ‡§§‡•ã ‡§®‡§ø‡§∂‡•ç‡§ö‡§ø‡§§ ‡§∞‡•Ç‡§™ ‡§∏‡•á ‡§¨‡§π‡•Å‡§§ ‡§¨‡§°‡§º‡§æ ‡§¨‡§¶‡§≤‡§æ‡§µ ‡§π‡§ø‡§Ç‡§¶‡•Å‡§ì‡§Ç ‡§Æ‡•á‡§Ç ‡§¶‡•á‡§ñ‡§®‡•á‚Ä¶,false,Alokkha01372622,‡§Ü‡§≤‡•ã‡§ï ‡§ñ‡§∞‡•á,1329801523321159700,1329801523321159680,3,19,hi,recent,"<a href=""http://twitter.com/download/android"" rel=""nofollow"">Twitter for Android</a>",,,,,,3276245318,3276245318,Gopal Narayan,GopalNarayan3,"Varanasi, India",‡§Æ‡•à‡§Ç ‡§à‡§∂‡•ç‡§µ‡§∞ ‡§Æ‡•á ‡§µ‡§ø‡§∂‡•ç‡§µ‡§æ‡§∏ ‡§ï‡§∞‡§§‡§æ ‡§π‡•Ç‡§Å ‡§ï‡§∞‡•ç‡§Æ ‡§π‡•Ä ‡§Æ‡•á‡§∞‡•Ä ‡§™‡•Ç‡§ú‡§æ ‡§π‡•à ‡§Æ‡•à‡§Ç ‡§Ö‡§™‡§®‡•á ‡§Ö‡§∏‡•ç‡§§‡§ø‡§§‡•ç‡§µ ‡§ï‡•á ‡§≤‡§ø‡§è ‡§à‡§∂‡•ç‡§µ‡§∞ ‡§ï‡§æ ‡§Ü‡§≠‡§æ‡§∞‡•Ä ‡§π‡•Ç‡§Å‡•§,,false,953,1179,0,Sat Jul 11 15:38:30 +0000 2015,10044,,,true,false,6697,,false,false,false,C0DEED,http://abs.twimg.com/images/themes/theme1/bg.png,https://abs.twimg.com/images/themes/theme1/bg.png,false,http://pbs.twimg.com/profile_images/1160641313567465473/ff2qkmjW_normal.jpg,https://pbs.twimg.com/profile_images/1160641313567465473/ff2qkmjW_normal.jpg,https://pbs.twimg.com/profile_banners/3276245318/1559575938,1DA1F2,C0DEED,DDEEF6,333333,true,true,true,false,false,false,false,none,,,,,Fri Jul 30 14:52:53 +0000 2021,1421121625244639200,1421121625244639232,@PNRai1 ‡§∏‡§∞ ‡§ú‡•ã ‡§ú‡§æ‡§ó‡•É‡§§‡§ø ‡§™‡§ø‡§õ‡§≤‡•á 5 ‡§∏‡§æ‡§≤‡•ã‡§Ç ‡§Æ‡•á‡§Ç ‡§Ü‡§à ‡§π‡•à ‡§Ö‡§ó‡§∞ ‡§µ‡§π‡•Ä ‡§Ü‡§ó ‡§ú‡§≤‡§§‡•Ä ‡§∞‡§π‡•Ä ‡§§‡•ã ‡§®‡§ø‡§∂‡•ç‡§ö‡§ø‡§§ ‡§∞‡•Ç‡§™ ‡§∏‡•á ‡§¨‡§π‡•Å‡§§ ‡§¨‡§°‡§º‡§æ ‡§¨‡§¶‡§≤‡§æ‡§µ ‡§π‡§ø‡§Ç‡§¶‡•Å‡§ì‡§Ç ‡§Æ‡•á‡§Ç ‡§¶‡•á‡§ñ‚Ä¶ https://t.co/Viw4C8b7QO,true,https://t.co/Viw4C8b7QO,https://twitter.com/i/web/status/1421121625244639232,twitter.com/i/web/status/1‚Ä¶,116,139,hi,recent,"<a href=""http://twitter.com/download/android"" rel=""nofollow"">Twitter for Android</a>",1421026817964535800,1421026817964535813,1095710520,1095710520,PNRai1,1329801523321159700,1329801523321159680,‡§Ü‡§≤‡•ã‡§ï ‡§ñ‡§∞‡•á,Alokkha01372622,,‡§∏‡§ø‡§∞‡•ç‡§´ ‡§∏‡§®‡§æ‡§§‡§®‡•Ä ‡§è‡§µ‡§Ç ‡§∞‡§æ‡§∑‡•ç‡§ü‡•ç‡§∞‡§µ‡§æ‡§¶‡•Ä ‡§π‡§ø‡§®‡•ç‡§¶‡•Ç ‡§ï‡•Ä ‡§Æ‡§ø‡§§‡•ç‡§∞‡§§‡§æ ‡§π‡•Ä ‡§∏‡•ç‡§µ‡•Ä‡§ï‡§æ‡§∞‡•ç‡§Ø ‡§π‡•à ‡•§,,false,1992,2154,0,Fri Nov 20 14:59:49 +0000 2020,41310,,,false,false,10581,,false,false,false,F5F8FA,,,false,http://pbs.twimg.com/profile_images/1338167767665557504/kYrN2oeM_normal.jpg,https://pbs.twimg.com/profile_images/1338167767665557504/kYrN2oeM_normal.jpg,,1DA1F2,C0DEED,DDEEF6,333333,true,true,true,false,false,false,false,none,,,,,false,13,62,false,false,hi,false,13,0,false,false,hi,,,,,,,,,,,,,,,,,,,,,,,,,,,,,,,,,,,,PNRai1,P.N.Rai,1095710520,1095710520,21,28,PNRai1,P.N.Rai,1095710520,1095710520,0,7,,,,,,,,,,,,,,,,,
Fri Jul 30 22:41:32 +0000 2021,1421239565340209200,1421239565340209153,"RT @maryada_maurya: ‡§≠‡§æ‡§ú‡§™‡§æ ‡§ú‡§¨ ‡§∏‡•á ‡§∏‡§§‡•ç‡§§‡§æ ‡§Æ‡•á‡§Ç ‡§Ü‡§à ‡§π‡•à, ""‡§π‡§ø‡§®‡•ç‡§¶‡•Ç ‡§ß‡§∞‡•ç‡§Æ ‡§ñ‡§§‡§∞‡•á ‡§Æ‡•á‡§Ç ‡§π‡•à""!
‡§≠‡§æ‡§ú‡§™‡§æ ‡§ï‡•ã ‡§∏‡§§‡•ç‡§§‡§æ ‡§∏‡•á ‡§π‡§ü‡§æ ‡§¶‡•Ä‡§ú‡§ø‡§è, ‡§π‡§ø‡§®‡•ç‡§¶‡•Ç ‡§ß‡§∞‡•ç‡§Æ ‡§∏‡•Å‡§∞‡§ï‡•ç‡§∑‡§ø‡§§ ‡§π‡•ã ‡§ú‡§æ‡§è‡§ó‡§æ ‡•§",false,maryada_maurya,Maryada Maurya,953383873945133000,953383873945133056,3,18,hi,recent,"<a href=""http://twitter.com/download/android"" rel=""nofollow"">Twitter for Android</a>",,,,,,1350916942870110200,1350916942870110210,Dilip Paul,DilipPaul11,,politics,,false,1803,4738,0,Sun Jan 17 21:24:54 +0000 2021,6308,,,false,false,6853,,false,false,false,F5F8FA,,,false,http://abs.twimg.com/sticky/default_profile_images/default_profile_normal.png,https://abs.twimg.com/sticky/default_profile_images/default_profile_normal.png,,1DA1F2,C0DEED,DDEEF6,333333,true,true,true,true,false,false,false,none,,,,,Fri Jul 30 16:35:52 +0000 2021,1421147541513457700,1421147541513457668,"‡§≠‡§æ‡§ú‡§™‡§æ ‡§ú‡§¨ ‡§∏‡•á ‡§∏‡§§‡•ç‡§§‡§æ ‡§Æ‡•á‡§Ç ‡§Ü‡§à ‡§π‡•à, ""‡§π‡§ø‡§®‡•ç‡§¶‡•Ç ‡§ß‡§∞‡•ç‡§Æ ‡§ñ‡§§‡§∞‡•á ‡§Æ‡•á‡§Ç ‡§π‡•à""!
‡§≠‡§æ‡§ú‡§™‡§æ ‡§ï‡•ã ‡§∏‡§§‡•ç‡§§‡§æ ‡§∏‡•á ‡§π‡§ü‡§æ ‡§¶‡•Ä‡§ú‡§ø‡§è, ‡§π‡§ø‡§®‡•ç‡§¶‡•Ç ‡§ß‡§∞‡•ç‡§Æ ‡§∏‡•Å‡§∞‡§ï‡•ç‡§∑‡§ø‡§§ ‡§π‡•ã ‡§ú‡§æ‡§è‡§ó‡§æ ‡•§",false,,,,,,hi,recent,"<a href=""http://twitter.com/download/android"" rel=""nofollow"">Twitter for Android</a>",,,,,,953383873945133000,953383873945133056,Maryada Maurya,maryada_maurya,"Varanasi, India",@Social Worker | @Humanity Matters | Respect All @Religions | Curious| @Political Analytics | Tweets Are My @Personal | Likes & RT's Not @Endorsement,,false,90773,6098,24,Tue Jan 16 21:50:03 +0000 2018,18374,,,true,false,12842,,false,false,false,F5F8FA,,,false,http://pbs.twimg.com/profile_images/1420757507794817048/-I43O4rb_normal.jpg,https://pbs.twimg.com/profile_images/1420757507794817048/-I43O4rb_normal.jpg,https://pbs.twimg.com/profile_banners/953383873945133056/1627734235,1DA1F2,C0DEED,DDEEF6,333333,true,false,true,false,false,false,false,none,,,,,false,630,3913,false,false,hi,false,630,0,false,false,hi,,,,,,,,,,,,,,,,,,,,,,,,,,,,,,,,,,,,,,,,,,,,,,,,,,,,,,,,,,,,,,,,
Fri Jul 30 22:40:57 +0000 2021,1421239420204716000,1421239420204716032,"RT @KeshariPunam: ‡§∞‡§ò‡•Å‡§ï‡•Å‡§≤ ‡§∞‡•Ä‡§§ ‡§∏‡§¶‡§æ ‡§ö‡§≤‡•Ä ‡§Ü‡§à,
‡§™‡•ç‡§∞‡§æ‡§£ ‡§ú‡§æ‡§è ‡§™‡§∞ ‡§µ‡§ö‡§® ‡§® ‡§ú‡§æ‡§à...!!

‡§¶‡§π‡§æ‡§°‡§º ‡§¶‡•ã ‡§∏‡§®‡§æ‡§§‡§®‡§ø‡§Ø‡•ã‡§Ç ‡§î‡§∞ ‡§∏‡•ã ‡§ú‡§æ‡§ì....

üö©üôè#‡§ú‡§Ø_‡§ú‡§Ø_‡§∂‡•ç‡§∞‡•Ä‡§∞‡§æ‡§Æ üö©üôè",false,KeshariPunam,Punam Keshariü¶ã,1098820178287177700,1098820178287177728,3,16,hi,recent,"<a href=""http://twitter.com/download/android"" rel=""nofollow"">Twitter for Android</a>",,,,,,784093367558737900,784093367558737920,‡§µ‡•Ä‡§∞ ‡§¨‡§π‡§æ‡§¶‡•Å‡§∞ ‡§ö‡•å‡§π‡§æ‡§® - #3‡§π,VeerBahadurCh13,"Uttar Pradesh, India",‡§ú‡§Ø ‡§∂‡•ç‡§∞‡•Ä ‡§∞‡§æ‡§Æ,,false,7825,8429,0,Thu Oct 06 18:10:01 +0000 2016,253321,,,true,false,209140,,false,false,false,F5F8FA,,,false,http://pbs.twimg.com/profile_images/1293408085415870464/K-ipUbPW_normal.jpg,https://pbs.twimg.com/profile_images/1293408085415870464/K-ipUbPW_normal.jpg,https://pbs.twimg.com/profile_banners/784093367558737920/1580801021,1DA1F2,C0DEED,DDEEF6,333333,true,true,true,false,false,false,false,none,,,,,Fri Jul 30 17:52:31 +0000 2021,1421166830371098600,1421166830371098626,"‡§∞‡§ò‡•Å‡§ï‡•Å‡§≤ ‡§∞‡•Ä‡§§ ‡§∏‡§¶‡§æ ‡§ö‡§≤‡•Ä ‡§Ü‡§à,
‡§™‡•ç‡§∞‡§æ‡§£ ‡§ú‡§æ‡§è ‡§™‡§∞ ‡§µ‡§ö‡§® ‡§® ‡§ú‡§æ‡§à...!!

‡§¶‡§π‡§æ‡§°‡§º ‡§¶‡•ã ‡§∏‡§®‡§æ‡§§‡§®‡§ø‡§Ø‡•ã‡§Ç ‡§î‡§∞ ‡§∏‡•ã ‡§ú‡§æ‡§ì....

üö©üôè#‡§ú‡§Ø_‡§ú‡§Ø_‡§∂‡•ç‡§∞‡•Ä‡§∞‡§æ‡§Æ üö©üôè",false,,,,,,hi,recent,"<a href=""http://twitter.com/download/android"" rel=""nofollow"">Twitter for Android</a>",,,,,,1098820178287177700,1098820178287177728,Punam Keshariü¶ã,KeshariPunam,India 24 july,"#ModiSupporter ‚ù§Ô∏èüôè
Education is our best friend..! An educated person is respected everywhere and it beats the beauty and the youth.üî•",,false,35588,1161,6,Fri Feb 22 05:42:00 +0000 2019,85776,,,false,false,69103,,false,false,false,F5F8FA,,,false,http://pbs.twimg.com/profile_images/1420419673812705285/tmbX0z7o_normal.jpg,https://pbs.twimg.com/profile_images/1420419673812705285/tmbX0z7o_normal.jpg,https://pbs.twimg.com/profile_banners/1098820178287177728/1624649588,1DA1F2,C0DEED,DDEEF6,333333,true,false,true,false,false,false,false,none,,,,,false,35,169,false,false,hi,false,35,0,false,false,hi,‡§ú‡§Ø_‡§ú‡§Ø_‡§∂‡•ç‡§∞‡•Ä‡§∞‡§æ‡§Æ,106,120,,,,,,,,,,‡§ú‡§Ø_‡§ú‡§Ø_‡§∂‡•ç‡§∞‡•Ä‡§∞‡§æ‡§Æ,88,102,,,,,,,,,,,,,,,,,,,,,,,,,,,,,,,,,,,,,,,,,,,,,,,,,
Fri Jul 30 22:40:44 +0000 2021,1421239366538600400,1421239366538600452,"RT @ippatel: ‡§≤‡•Å‡§ü‡§ø‡§Ø‡§Ç‡§∏ ‡§ï‡•á ‡§¨‡§π‡•Å‡§§ ‡§∏‡•á ‡§∏‡•á‡§≤‡§ø‡§¨‡•ç‡§∞‡§ø‡§ü‡•Ä ‡§™‡§§‡•ç‡§∞‡§ï‡§æ‡§∞‡•ã‡§Ç ‡§®‡•á‡§Ç ‡§¶‡§ø‡§≤‡•ç‡§≤‡•Ä ‡§ï‡•á ‡§ö‡§∞‡•ç‡§ö‡§ø‡§§ ‡§¶‡•å‡§∞‡•á ‡§™‡§∞ ‡§Ü‡§à ‡§è‡§ï ‡§Æ‡•Å‡§ñ‡•ç‡§Ø‡§Æ‡§Ç‡§§‡•ç‡§∞‡•Ä ‡§ï‡•á ‡§∏‡§æ‡§• ‡§¨‡§æ‡§§‡§ö‡•Ä‡§§ ‡§ï‡•Ä ‡§π‡•ã‡§ó‡•Ä‡•§

‡§™‡§∞ ‡§ï‡•ç‡§Ø‡§æ ‡§â‡§®‡§Æ‡•á‡§Ç‚Ä¶",false,ippatel,Prashant Umrao,285655507,285655507,3,11,hi,recent,"<a href=""http://twitter.com/download/android"" rel=""nofollow"">Twitter for Android</a>",,,,,,995895483389304800,995895483389304832,·¥¨À¢·¥¥·¥µÀ¢·¥¥ ·µÄ·¥ø·¥µ·¥æ·¥¨·µÄ·¥¥·¥µ üíô‡§Ü‡§∂‡•Ä‡§∑ ‡§§‡•ç‡§∞‡§ø‡§™‡§æ‡§†‡•Ä #‡§ú‡§Ø‡§∂‡•ç‡§∞‡•Ä‡§∞‡§æ‡§ÆüáÆüá≥,Ashishtrpathi1,"Uttar Pradesh, India",,,false,1357,591,2,Mon May 14 05:16:00 +0000 2018,101924,,,false,false,458608,,false,false,false,C0DEED,http://abs.twimg.com/images/themes/theme1/bg.png,https://abs.twimg.com/images/themes/theme1/bg.png,false,http://pbs.twimg.com/profile_images/1290729895417405440/nNX5pgHh_normal.jpg,https://pbs.twimg.com/profile_images/1290729895417405440/nNX5pgHh_normal.jpg,https://pbs.twimg.com/profile_banners/995895483389304832/1527767180,1DA1F2,C0DEED,DDEEF6,333333,true,false,true,false,false,false,false,none,,,,,Fri Jul 30 08:29:34 +0000 2021,1421025161927553000,1421025161927553024,"‡§≤‡•Å‡§ü‡§ø‡§Ø‡§Ç‡§∏ ‡§ï‡•á ‡§¨‡§π‡•Å‡§§ ‡§∏‡•á ‡§∏‡•á‡§≤‡§ø‡§¨‡•ç‡§∞‡§ø‡§ü‡•Ä ‡§™‡§§‡•ç‡§∞‡§ï‡§æ‡§∞‡•ã‡§Ç ‡§®‡•á‡§Ç ‡§¶‡§ø‡§≤‡•ç‡§≤‡•Ä ‡§ï‡•á ‡§ö‡§∞‡•ç‡§ö‡§ø‡§§ ‡§¶‡•å‡§∞‡•á ‡§™‡§∞ ‡§Ü‡§à ‡§è‡§ï ‡§Æ‡•Å‡§ñ‡•ç‡§Ø‡§Æ‡§Ç‡§§‡•ç‡§∞‡•Ä ‡§ï‡•á ‡§∏‡§æ‡§• ‡§¨‡§æ‡§§‡§ö‡•Ä‡§§ ‡§ï‡•Ä ‡§π‡•ã‡§ó‡•Ä‡•§

‡§™‡§∞‚Ä¶ https://t.co/AIqXQkUiMz",true,https://t.co/AIqXQkUiMz,https://twitter.com/i/web/status/1421025161927553024,twitter.com/i/web/status/1‚Ä¶,115,138,hi,recent,"<a href=""http://twitter.com/download/android"" rel=""nofollow"">Twitter for Android</a>",,,,,,285655507,285655507,Prashant Umrao,ippatel,"‡§´‡§§‡•á‡§π‡§™‡•Å‡§∞,‡§â‡§§‡•ç‡§§‡§∞ ‡§™‡•ç‡§∞‡§¶‡•á‡§∂,‡§≠‡§æ‡§∞‡§§",Standing Counsel in Supreme Court of India for the State of Goa.,https://t.co/0V4KDuKDri,false,231826,1700,368,Thu Apr 21 15:06:05 +0000 2011,35059,,,true,true,41397,,false,false,false,F2EEEF,http://abs.twimg.com/images/themes/theme4/bg.gif,https://abs.twimg.com/images/themes/theme4/bg.gif,true,http://pbs.twimg.com/profile_images/1417406377849344004/VgfWfpKC_normal.jpg,https://pbs.twimg.com/profile_images/1417406377849344004/VgfWfpKC_normal.jpg,https://pbs.twimg.com/profile_banners/285655507/1620822740,8F2E2E,FFFFFF,FAFAFA,7B8894,true,true,false,false,false,false,false,none,,,,,false,2747,8678,false,false,hi,false,2747,0,false,false,hi,,,,,,,,,,,,,,,,,,,,,,,,,https://t.co/0V4KDuKDri,http://www.prashantumrao.in,prashantumrao.in,0,23,,,,,,,,,,,,,,,,,,,,,,,,,,,,,,,,,,,
Fri Jul 30 22:40:42 +0000 2021,1421239355243253800,1421239355243253761,"RT @PragathShukla: BJP ‡§ï‡•á ‡§≤‡§ø‡§è ‡§∏‡§µ‡§∞‡•ç‡§£ ‡§µ‡•ã‡§ü ‡§ó‡§≤‡•á ‡§ï‡•Ä ‡§π‡§°‡•ç‡§°‡•Ä ‡§π‡•ã‡§§‡§æ ‡§ú‡§æ ‡§∞‡§π‡§æ ‡§π‡•à..
‡§Æ‡•ã‡§¶‡•Ä‡§ú‡•Ä ‡§∞‡•ã‡§ú ‡§≤‡§§‡§ø‡§Ø‡§æ ‡§∞‡§π‡•á‡§Ç ‡§π‡•à‡§Ç ‡§ï‡§ø ‡§≠‡§æ‡§ó‡•ã ‡§≠‡•Ç‡§§‡§®‡•Ä ‡§ï‡•á, ‡§§‡•Å‡§Æ‡•ç‡§π‡§æ‡§è ‡§ö‡§ï‡•ç‡§ï‡§∞ ‡§Æ‡•á ‡§¶‡§≤‡§ø‡§§ ‡§Æ‡•Å‡§∏‚Ä¶",false,PragathShukla,Pragath Shukla,845070566,845070566,3,17,hi,recent,"<a href=""http://twitter.com/download/android"" rel=""nofollow"">Twitter for Android</a>",,,,,,884557453,884557453,JANU BAHUJAN,JANUBAHUJAN,‡§â‡§§‡•ç‡§§‡§∞ ‡§™‡•ç‡§∞‡§¶‡•á‡§∂ ‡§≠‡§æ‡§∞‡§§,"SOCIAL ACTIVIST & POLITICIAN
FOUNDER MEMBER, OFFICE SECRETARY
BAHUJAN SAMAJ PARTY SULTANPUR
FOUNDER WEEKLY SULTANPUR TIMES
EX.TREASURER GRAMIN PATRAKAR U.P.",,false,7346,927,5,Tue Oct 16 14:24:47 +0000 2012,262810,,,false,false,209252,,false,false,false,C0DEED,http://abs.twimg.com/images/themes/theme1/bg.png,https://abs.twimg.com/images/themes/theme1/bg.png,false,http://pbs.twimg.com/profile_images/1336581647051866112/GZDmQ5fr_normal.jpg,https://pbs.twimg.com/profile_images/1336581647051866112/GZDmQ5fr_normal.jpg,https://pbs.twimg.com/profile_banners/884557453/1580487802,1DA1F2,C0DEED,DDEEF6,333333,true,true,true,false,false,false,false,none,,,,,Fri Jul 30 05:24:38 +0000 2021,1420978623213805600,1420978623213805569,"BJP ‡§ï‡•á ‡§≤‡§ø‡§è ‡§∏‡§µ‡§∞‡•ç‡§£ ‡§µ‡•ã‡§ü ‡§ó‡§≤‡•á ‡§ï‡•Ä ‡§π‡§°‡•ç‡§°‡•Ä ‡§π‡•ã‡§§‡§æ ‡§ú‡§æ ‡§∞‡§π‡§æ ‡§π‡•à..
‡§Æ‡•ã‡§¶‡•Ä‡§ú‡•Ä ‡§∞‡•ã‡§ú ‡§≤‡§§‡§ø‡§Ø‡§æ ‡§∞‡§π‡•á‡§Ç ‡§π‡•à‡§Ç ‡§ï‡§ø ‡§≠‡§æ‡§ó‡•ã ‡§≠‡•Ç‡§§‡§®‡•Ä ‡§ï‡•á, ‡§§‡•Å‡§Æ‡•ç‡§π‡§æ‡§è ‡§ö‡§ï‡•ç‡§ï‡§∞ ‡§Æ‡•á ‡§¶‡§≤‡§ø‚Ä¶ https://t.co/8DtgYcfg1i",true,https://t.co/8DtgYcfg1i,https://twitter.com/i/web/status/1420978623213805569,twitter.com/i/web/status/1‚Ä¶,117,140,hi,recent,"<a href=""http://twitter.com/download/android"" rel=""nofollow"">Twitter for Android</a>",,,,,,845070566,845070566,Pragath Shukla,PragathShukla,India,"Author | Speaker | TV News Debate Pannelist | Poet | Entrepreneur |
Nationalist by Heart, Critic by Nature..üíê
Followed by my Heart |",,false,10736,7820,7,Tue Sep 25 07:39:49 +0000 2012,30460,,,true,false,81562,,false,false,false,352726,http://abs.twimg.com/images/themes/theme5/bg.gif,https://abs.twimg.com/images/themes/theme5/bg.gif,false,http://pbs.twimg.com/profile_images/678170133391532032/fzhfB4OK_normal.jpg,https://pbs.twimg.com/profile_images/678170133391532032/fzhfB4OK_normal.jpg,https://pbs.twimg.com/profile_banners/845070566/1505542586,D02B55,829D5E,99CC33,3E4415,true,true,false,false,false,false,false,none,,,,,false,221,651,false,false,hi,false,221,0,false,false,hi,,,,,,,,,,,,,,,,,,,,,,,,,,,,,,,,,,,,,,,,,,,,,,,,,,,,,,,,,,,,,,,,
Fri Jul 30 22:40:17 +0000 2021,1421239252340273200,1421239252340273152,RT @AadeshRawal: ‡§Æ‡•Å‡§Ç‡§¨‡§à ‡§®‡§ó‡§∞‡•Ä ‡§ï‡•Ä ‡§è‡§ï ‡§¨‡§°‡§º‡•Ä ‡§Ö‡§≠‡§ø‡§®‡•á‡§§‡•ç‡§∞‡•Ä ‡§π‡•à‡•§ ‡§ú‡§ø‡§®‡§ï‡•Ä ‡§Æ‡§æ‡§§‡§æ ‡§ú‡•Ä ‡§™‡•ç‡§∞‡§ñ‡•ç‡§Ø‡§æ‡§§ ‡§ú‡•ç‡§Ø‡•ã‡§§‡§ø‡§∑ ‡§π‡•à‡•§ ‡§Æ‡•Å‡§Ç‡§¨‡§à ‡§ï‡•á ‡§â‡§ß‡•ã‡§ó ‡§ò‡§∞‡§æ‡§®‡•ã‡§Ç ‡§∏‡•á ‡§≤‡•á‡§ï‡§∞ ‡§¨‡§æ‡§≤‡•Ä‡§µ‡•Å‡§° ‡§§‡§ï ‡§∏‡§¨ ‡§â‡§®‡§ï‡•á ‡§™‡§æ‡§∏‚Ä¶,false,AadeshRawal,Aadesh Rawal,475618166,475618166,3,15,hi,recent,"<a href=""http://twitter.com/download/android"" rel=""nofollow"">Twitter for Android</a>",,,,,,880868468224143400,880868468224143360,rohan padghan,RohanPadghan,,,,false,63,727,0,Fri Jun 30 19:19:43 +0000 2017,10814,,,false,false,18778,,false,false,false,F5F8FA,,,false,http://pbs.twimg.com/profile_images/1327324105813618690/Oy2v2P0M_normal.jpg,https://pbs.twimg.com/profile_images/1327324105813618690/Oy2v2P0M_normal.jpg,,1DA1F2,C0DEED,DDEEF6,333333,true,true,true,false,false,false,false,none,,,,,Fri Jul 30 17:23:40 +0000 2021,1421159573155717000,1421159573155717124,‡§Æ‡•Å‡§Ç‡§¨‡§à ‡§®‡§ó‡§∞‡•Ä ‡§ï‡•Ä ‡§è‡§ï ‡§¨‡§°‡§º‡•Ä ‡§Ö‡§≠‡§ø‡§®‡•á‡§§‡•ç‡§∞‡•Ä ‡§π‡•à‡•§ ‡§ú‡§ø‡§®‡§ï‡•Ä ‡§Æ‡§æ‡§§‡§æ ‡§ú‡•Ä ‡§™‡•ç‡§∞‡§ñ‡•ç‡§Ø‡§æ‡§§ ‡§ú‡•ç‡§Ø‡•ã‡§§‡§ø‡§∑ ‡§π‡•à‡•§ ‡§Æ‡•Å‡§Ç‡§¨‡§à ‡§ï‡•á ‡§â‡§ß‡•ã‡§ó ‡§ò‡§∞‡§æ‡§®‡•ã‡§Ç ‡§∏‡•á ‡§≤‡•á‡§ï‡§∞ ‡§¨‡§æ‡§≤‡•Ä‡§µ‡•Å‡§° ‡§§‡§ï ‡§∏‡§¨ ‡§â‚Ä¶ https://t.co/nS5Qk2AaVh,true,https://t.co/nS5Qk2AaVh,https://twitter.com/i/web/status/1421159573155717124,twitter.com/i/web/status/1‚Ä¶,117,140,hi,recent,"<a href=""http://twitter.com/download/iphone"" rel=""nofollow"">Twitter for iPhone</a>",,,,,,475618166,475618166,Aadesh Rawal,AadeshRawal,"New Delhi, India",Journalist,https://t.co/OzXHjZcFKX,false,71518,898,104,Fri Jan 27 07:53:45 +0000 2012,28124,,,true,true,32147,,false,false,false,C0DEED,http://abs.twimg.com/images/themes/theme1/bg.png,https://abs.twimg.com/images/themes/theme1/bg.png,false,http://pbs.twimg.com/profile_images/1174322557203300352/G1AO0HKL_normal.jpg,https://pbs.twimg.com/profile_images/1174322557203300352/G1AO0HKL_normal.jpg,https://pbs.twimg.com/profile_banners/475618166/1624161355,1DA1F2,C0DEED,DDEEF6,333333,true,true,true,false,false,false,false,none,,,,,false,342,3299,false,false,hi,false,342,0,false,false,hi,,,,,,,,,,,,,,,,,,,,,,,,,https://t.co/OzXHjZcFKX,http://www.youtube.com/channel/UCPGL-8g4ThlRfiWZ6FrnOzA,youtube.com/channel/UCPGL-‚Ä¶,0,23,,,,,,,,,,,,,,,,,,,,,,,,,,,,,,,,,,,
Fri Jul 30 22:40:15 +0000 2021,1421239240952664000,1421239240952664066,"RT @rinkudass_: ‡§∏‡§Ç‡§§ ‡§∂‡§∞‡§£ ‡§Æ‡•á‡§Ç ‡§Ü‡§®‡•á ‡§∏‡•á ‡§Ü‡§à ‡§ü‡§≤‡•á ‡§¨‡§≤‡§æ‡§Ø |
‡§ú ‡§≠‡§æ‡§ó‡•ç‡§Ø ‡§Æ‡•á‡§Ç ‡§∂‡•Ç‡§≤‡•Ä ‡§π‡•ã ‡§ï‡§æ‡§Ç‡§ü‡•á ‡§Æ‡•á‡§Ç ‡§ü‡§≤ ‡§ú‡§æ‡§Ø ||
___‡§ï‡§¨‡•Ä‡§∞ ‡§∏‡§æ‡§π‡•á‡§¨",false,rinkudass_,üáÆüá≥‡§∏‡§§ ‡§ï‡§¨‡•Ä‡§∞ ‡§ï‡•Ä ‡§∞‡§ú‡§æüè≥,819801827159855100,819801827159855104,3,14,hi,recent,"<a href=""http://twitter.com/download/android"" rel=""nofollow"">Twitter for Android</a>",,,,,,1316299624550785000,1316299624550785024,Sunita Sharma,sunita_shrm,,Kabir is god,,false,4962,177,3,Wed Oct 14 08:48:04 +0000 2020,90282,,,true,false,110065,,false,false,false,F5F8FA,,,false,http://pbs.twimg.com/profile_images/1394200248365457410/avk-yDci_normal.jpg,https://pbs.twimg.com/profile_images/1394200248365457410/avk-yDci_normal.jpg,https://pbs.twimg.com/profile_banners/1316299624550785024/1623935287,1DA1F2,C0DEED,DDEEF6,333333,true,true,true,false,false,false,false,none,,,,,Thu Jul 22 01:48:49 +0000 2021,1418025204836704300,1418025204836704257,"‡§∏‡§Ç‡§§ ‡§∂‡§∞‡§£ ‡§Æ‡•á‡§Ç ‡§Ü‡§®‡•á ‡§∏‡•á ‡§Ü‡§à ‡§ü‡§≤‡•á ‡§¨‡§≤‡§æ‡§Ø |
‡§ú ‡§≠‡§æ‡§ó‡•ç‡§Ø ‡§Æ‡•á‡§Ç ‡§∂‡•Ç‡§≤‡•Ä ‡§π‡•ã ‡§ï‡§æ‡§Ç‡§ü‡•á ‡§Æ‡•á‡§Ç ‡§ü‡§≤ ‡§ú‡§æ‡§Ø ||
___‡§ï‡§¨‡•Ä‡§∞ ‡§∏‡§æ‡§π‡•á‡§¨",false,,,,,,hi,recent,"<a href=""http://twitter.com/download/android"" rel=""nofollow"">Twitter for Android</a>",,,,,,819801827159855100,819801827159855104,üáÆüá≥‡§∏‡§§ ‡§ï‡§¨‡•Ä‡§∞ ‡§ï‡•Ä ‡§∞‡§ú‡§æüè≥,rinkudass_,"Uttar Pradesh, India","‡§∏‡§¨‡§∏‡•á ‡§¨‡§°‡§º‡§æ #‡§≠‡•ç‡§∞‡§Æ ‡§§‡•ã ‡§π‡§Æ ‡§Ø‡§π‡•Ä ‡§™‡§æ‡§≤‡•á ‡§¨‡•à‡§†‡•á ‡§π‡•à ‡§ï‡§ø ‡§π‡§Æ ‡§Ö‡§≠‡•Ä ‡§Ö‡§™‡§®‡•Ä #‡§Æ‡•É‡§§‡•ç‡§Ø‡•Å ‡§ï‡•ã ‡§¶‡•Ç‡§∞ ‡§∏‡§Æ‡§ù‡•á ‡§¨‡•à‡§†‡•á ‡§π‡•à

#‡§≠‡§ï‡•ç‡§§‡§ø ‡§ï‡§∞ ‡§≤‡•ã, #‡§∏‡§æ‡§Å‡§∏ ‡§ï‡§æ ‡§≠‡•Ä ‡§≠‡§∞‡•ã‡§∏‡§æ ‡§®‡§π‡•Ä‡§Ç ‡§π‡•à",,false,34929,13982,9,Fri Jan 13 07:02:41 +0000 2017,72316,,,false,false,27132,,false,false,false,F5F8FA,,,false,http://pbs.twimg.com/profile_images/1388529007369416711/VAz5mwyp_normal.jpg,https://pbs.twimg.com/profile_images/1388529007369416711/VAz5mwyp_normal.jpg,https://pbs.twimg.com/profile_banners/819801827159855104/1610444183,1DA1F2,C0DEED,DDEEF6,333333,true,true,true,false,false,false,false,none,,,,,false,297,302,false,false,hi,false,297,0,false,false,hi,,,,,,,,,,,,,,,,,,,,,,,,,,,,,,,,,,,,,,,,,,,,,,,,,,,,,,,,,,,,,,,,
Fri Jul 30 22:40:06 +0000 2021,1421239203858292700,1421239203858292739,"RT @iamdolly1108: ‡§≤‡•á‡§§‡•Ä ‡§®‡§π‡•Ä‡§Ç ‡§¶‡§µ‡§æ‡§à ""‡§Æ‡§æ‡§Å
‡§ú‡•ã‡§°‡§º‡•á ‡§™‡§æ‡§à-‡§™‡§æ‡§à ""‡§Æ‡§æ‡§Å

‡§¶‡•Å‡§É‡§ñ ‡§•‡•á ‡§™‡§∞‡•ç‡§µ‡§§ ‡§∏‡•á ‡§≤‡•Å‡§ï‡§Æ‡§æ‡§®
‡§π‡§æ‡§∞‡•Ä ‡§®‡§π‡•Ä‡§Ç ‡§≤‡§°‡§º‡§æ‡§à ""‡§Æ‡§æ‡§Å

‡§á‡§∏ ‡§¶‡•Å‡§®‡§ø‡§Ø‡§æ‡§Ç ‡§Æ‡•á‡§Ç ‡§∏‡§¨ ‡§Æ‡•à‡§≤‡•á ‡§π‡•à‡§Ç
‡§ï‡§ø‡§∏ ‡§¶‡•Å‡§®‡§ø‚Ä¶",false,iamdolly1108,Dollyüíñüíï #‡§∏‡§≤‡§æ‡§Æ‡§®‡§Æ‡§∏‡•ç‡§§‡•áüôè ‡§§‡§π‡•á ‡§¶‡§ø‡§≤ ‡§∏‡•á..Lucknow ‡§∏‡•á..üíï,1273214239277080600,1273214239277080577,3,16,hi,recent,"<a href=""http://twitter.com/download/android"" rel=""nofollow"">Twitter for Android</a>",,,,,,1374844412954439700,1374844412954439683,Pooja Gupta,gupta_pooj,"Greater Noida, India",83 ‡§∏‡§æ‡§≤ ‡§∏‡§æ‡§µ‡§∞‡§ï‡§∞ ‡§ï‡•Ä ‡§§‡§∞‡§π ‡§ú‡•Ä‡§®‡•á ‡§∏‡•á ‡§Ö‡§ö‡•ç‡§õ‡§æ ‡§π‡•à 23 ‡§∏‡§æ‡§≤ ‡§≠‡§ó‡§§ ‡§∏‡§ø‡§Ç‡§π ‡§ï‡•Ä ‡§§‡§∞‡§π ‡§ú‡§ø‡§ì,,false,6555,5152,5,Wed Mar 24 22:03:55 +0000 2021,6284,,,false,false,19651,,false,false,false,F5F8FA,,,false,http://pbs.twimg.com/profile_images/1374846670999973891/GKx0-3EC_normal.jpg,https://pbs.twimg.com/profile_images/1374846670999973891/GKx0-3EC_normal.jpg,https://pbs.twimg.com/profile_banners/1374844412954439683/1622062340,1DA1F2,C0DEED,DDEEF6,333333,true,true,true,false,false,false,false,none,,,,,Fri Jul 30 19:55:29 +0000 2021,1421197777304834000,1421197777304834056,"‡§≤‡•á‡§§‡•Ä ‡§®‡§π‡•Ä‡§Ç ‡§¶‡§µ‡§æ‡§à ""‡§Æ‡§æ‡§Å
‡§ú‡•ã‡§°‡§º‡•á ‡§™‡§æ‡§à-‡§™‡§æ‡§à ""‡§Æ‡§æ‡§Å

‡§¶‡•Å‡§É‡§ñ ‡§•‡•á ‡§™‡§∞‡•ç‡§µ‡§§ ‡§∏‡•á ‡§≤‡•Å‡§ï‡§Æ‡§æ‡§®
‡§π‡§æ‡§∞‡•Ä ‡§®‡§π‡•Ä‡§Ç ‡§≤‡§°‡§º‡§æ‡§à ""‡§Æ‡§æ‡§Å

‡§á‡§∏ ‡§¶‡•Å‡§®‡§ø‡§Ø‡§æ‡§Ç ‡§Æ‡•á‡§Ç ‡§∏‡§¨ ‡§Æ‡•à‡§≤‡•á ‡§π‡•à‡§Ç
‡§ï‡§ø‚Ä¶ https://t.co/5kIwnoFkp3",true,https://t.co/5kIwnoFkp3,https://twitter.com/i/web/status/1421197777304834056,twitter.com/i/web/status/1‚Ä¶,117,140,hi,recent,"<a href=""http://twitter.com/download/android"" rel=""nofollow"">Twitter for Android</a>",,,,,,1273214239277080600,1273214239277080577,Dollyüíñüíï #‡§∏‡§≤‡§æ‡§Æ‡§®‡§Æ‡§∏‡•ç‡§§‡•áüôè ‡§§‡§π‡•á ‡§¶‡§ø‡§≤ ‡§∏‡•á..Lucknow ‡§∏‡•á..üíï,iamdolly1108,"Lucknow, India","üíñ Lafz hi hote hai, Insaan Ka Aaina.üíï
 Love to Write üíï‚úçÔ∏è
               Artist ‚úçÔ∏è‚ù§Ô∏è
  Lucknowite üèôÔ∏è
FoodLoverüç°üç´üçß 
Music üé∂üíÉüéº
Mera Bharat Mahaan ‚úäüáÆüá≥‚ù§Ô∏è",,false,38027,9204,10,Wed Jun 17 11:22:39 +0000 2020,62465,,,true,false,54161,,false,false,false,F5F8FA,,,false,http://pbs.twimg.com/profile_images/1341347181576392705/W-0CB7GH_normal.jpg,https://pbs.twimg.com/profile_images/1341347181576392705/W-0CB7GH_normal.jpg,https://pbs.twimg.com/profile_banners/1273214239277080577/1594404420,1DA1F2,C0DEED,DDEEF6,333333,true,true,true,false,false,false,false,none,,,,,false,93,253,false,false,hi,false,93,0,false,false,hi,,,,,,,,,,,,,,,,,,,,,,,,,,,,,,false,,,,,,,,,,,,,,,,,,,,,,,,,,,,,,,,,,
Fri Jul 30 22:39:25 +0000 2021,1421239033699602400,1421239033699602432,"RT @Ra_THORe: ‡§∞‡§æ‡§ú‡§∏‡•ç‡§•‡§æ‡§® ‡§Æ‡•á‡§Ç ‡§ï‡§æ‡§Ç‡§ó‡•ç‡§∞‡•á‡§∏, ‡§ï‡§ø‡§∏‡§æ‡§®‡•ã‡§Ç ‡§∏‡•á ‡§ï‡§∞‡•ç‡§ú ‡§Æ‡§æ‡§´‡§º‡•Ä ‡§ï‡§æ ‡§µ‡§æ‡§Ø‡§¶‡§æ ‡§ï‡§∞‡§ï‡•á ‡§∏‡§§‡•ç‡§§‡§æ ‡§Æ‡•á‡§Ç ‡§Ü‡§à‡•§ ‡§∞‡§æ‡§π‡•Å‡§≤ ‡§ú‡•Ä ‡§®‡•á ‡§ï‡§π‡§æ ‡§•‡§æ ‡§∏‡§∞‡§ï‡§æ‡§∞ ‡§¨‡§®‡§®‡•á ‡§ï‡•á ‡§¶‡•ã ‡§¶‡§ø‡§® ‡§ï‡•á ‡§≠‡•Ä‡§§‡§∞ ‡§ï‡§∞‡•ç‡§ú‚Ä¶",false,Ra_THORe,Col Rajyavardhan Rathore,61458407,61458407,3,12,hi,recent,"<a href=""http://twitter.com/download/android"" rel=""nofollow"">Twitter for Android</a>",,,,,,1220248701244829700,1220248701244829698,akash Singh,akashSi84468299,,,,false,511,392,0,Thu Jan 23 07:36:18 +0000 2020,71548,,,false,false,35081,,false,false,false,F5F8FA,,,false,http://pbs.twimg.com/profile_images/1220252740388999168/a4tGIDqr_normal.jpg,https://pbs.twimg.com/profile_images/1220252740388999168/a4tGIDqr_normal.jpg,,1DA1F2,C0DEED,DDEEF6,333333,true,false,true,false,false,false,false,none,,,,,Fri Jul 30 04:35:58 +0000 2021,1420966373518237700,1420966373518237703,"‡§∞‡§æ‡§ú‡§∏‡•ç‡§•‡§æ‡§® ‡§Æ‡•á‡§Ç ‡§ï‡§æ‡§Ç‡§ó‡•ç‡§∞‡•á‡§∏, ‡§ï‡§ø‡§∏‡§æ‡§®‡•ã‡§Ç ‡§∏‡•á ‡§ï‡§∞‡•ç‡§ú ‡§Æ‡§æ‡§´‡§º‡•Ä ‡§ï‡§æ ‡§µ‡§æ‡§Ø‡§¶‡§æ ‡§ï‡§∞‡§ï‡•á ‡§∏‡§§‡•ç‡§§‡§æ ‡§Æ‡•á‡§Ç ‡§Ü‡§à‡•§ ‡§∞‡§æ‡§π‡•Å‡§≤ ‡§ú‡•Ä ‡§®‡•á ‡§ï‡§π‡§æ ‡§•‡§æ ‡§∏‡§∞‡§ï‡§æ‡§∞ ‡§¨‡§®‡§®‡•á ‡§ï‡•á ‡§¶‡•ã ‡§¶‡§ø‡§® ‡§ï‡•á‚Ä¶ https://t.co/UhURtM9rLG",true,https://t.co/UhURtM9rLG,https://twitter.com/i/web/status/1420966373518237703,twitter.com/i/web/status/1‚Ä¶,117,140,hi,recent,"<a href=""http://twitter.com/download/iphone"" rel=""nofollow"">Twitter for iPhone</a>",,,,,,61458407,61458407,Col Rajyavardhan Rathore,Ra_THORe,India,"Member of Parliament, Olympic ü•à Medalist, Indian Army üáÆüá≥ National Spokesperson BJP",https://t.co/nHGijKOFLH,false,1699219,230,836,Thu Jul 30 11:02:13 +0000 2009,1578,,,true,true,22559,,false,false,false,9AE4E8,http://abs.twimg.com/images/themes/theme1/bg.png,https://abs.twimg.com/images/themes/theme1/bg.png,false,http://pbs.twimg.com/profile_images/1296815087282339841/27Y3Z2yb_normal.jpg,https://pbs.twimg.com/profile_images/1296815087282339841/27Y3Z2yb_normal.jpg,https://pbs.twimg.com/profile_banners/61458407/1597600545,FA743E,FFFFFF,DDFFCC,333333,true,true,false,false,false,false,false,none,,,,,false,88,369,false,false,hi,false,88,0,false,false,hi,,,,,,,,,,,,,,,,,,,,,,,,,https://t.co/nHGijKOFLH,http://rajyavardhanrathore.in/,rajyavardhanrathore.in,0,23,false,,,,,,,,,,,,,,,,,,,,,,,,,,,,,,,,,,
